tip_win_team,tip_to_player,first_shot_player,first_shot_team,first_shot_made,first_basket_player,first_basket_team,game_id
CON,Morrow,A. Morrow,CON,0,B. Stewart,NYL,1022600001
WAS,Prosper,C. Prosper,WAS,1,C. Prosper,WAS,1022600002
SEA,Hiedeman,F. Johnson,SEA,1,F. Johnson,SEA,1022600003
IND,Mitchell,K. Mitchell,IND,1,K. Mitchell,IND,1022600004
PHX,Thomas,A. Thomas,PHX,0,A. Thomas,PHX,1022600005
CHI,Jaquez,C. Leite,PDX,0,C. Leite,PDX,1022600006
CON,Leger-Walker,J. Horston,SEA,1,J. Horston,SEA,1022600007
WAS,Iriafen,C. Prosper,WAS,0,S. Austin,WAS,1022600008
LVA,Young,S. Talbot,LVA,1,S. Talbot,LVA,1022600009
ATL,Gray,N. Coffey,MIN,1,N. Coffey,MIN,1022600010
PHX,Thomas,A. Thomas,PHX,0,J. Nogic,PHX,1022600011
ATL,Canada,J. Canada,ATL,0,A. Reese,ATL,1022600012
PHX,Thomas,K. Copper,PHX,0,D. Bonner,PHX,1022600013
PDX,Carleton,B. Carleton,PDX,1,B. Carleton,PDX,1022600014
TOR,Sykes,N. Sabally,TOR,0,D. Malonga,SEA,1022600015
CON,Miller,S. Talbot,LVA,1,S. Talbot,LVA,1022600016
CHI,Diggins,K. Cardoso,CHI,0,G. Williams,GSV,1022600017
IND,Mitchell,R. Burrell,LAS,1,R. Burrell,LAS,1022600018
DAL,Sims,P. Bueckers,DAL,1,P. Bueckers,DAL,1022600019
NYL,Stewart,N. Puoch,PDX,1,N. Puoch,PDX,1022600020
LVA,Gray,A. Wilson,LVA,1,A. Wilson,LVA,1022600021
WAS,Iriafen,K. Mitchell,IND,1,K. Mitchell,IND,1022600022
LAS,Wheeler,N. Ogwumike,LAS,1,N. Ogwumike,LAS,1022600023
CHI,Jaquez,K. Cardoso,CHI,0,J. Sheldon,CHI,1022600024
MIN,Miles,K. McBride,MIN,0,R. Jackson,CHI,1022600025
,Gray,A. Wilson,LVA,0,C. Gray,LVA,1022600026
SEA,Melbourne,J. Horston,SEA,0,M. Hines-Allen,IND,1022600027
LAS,Wheeler,R. Burrell,LAS,0,K. Plum,LAS,1022600028
WAS,Iriafen,G. Amoore,WAS,0,A. Ogunbowale,DAL,1022600029
PDX,Engstler,N. Puoch,PDX,1,N. Puoch,PDX,1022600030
TOR,Conde,L. Juskaite,TOR,1,L. Juskaite,TOR,1022600031
IND,Billings,A. Boston,IND,1,A. Boston,IND,1022600032
CHI,Diggins,G. Jaquez,CHI,0,A. Smith,DAL,1022600033
CON,Van Lith,G. Kneepkens,CON,0,A. Morrow,CON,1022600034
NYL,Sabally,P. Astier,NYL,1,P. Astier,NYL,1022600035
,,L. Juskaite,TOR,0,N. Howard,MIN,1022600036
PHX,Nogic,K. Copper,PHX,1,K. Copper,PHX,1022600037
ATL,Canada,R. Howard,ATL,1,R. Howard,ATL,1022600038
IND,Clark,K. Mitchell,IND,1,K. Mitchell,IND,1022600039
CON,Burke,J. Melbourne,SEA,0,A. Edwards,CON,1022600040
CHI,Diggins,N. Coffey,MIN,0,J. Sheldon,CHI,1022600041
PDX,Puoch,B. Sykes,TOR,0,M. Mabrey,TOR,1022600042
LAS,Hamby,A. Atkins,LAS,0,A. Wilson,LVA,1022600043
ATL,Canada,A. Reese,ATL,0,A. Thomas,PHX,1022600044
NYL,Ionescu,S. Sabally,NYL,1,S. Sabally,NYL,1022600045
WAS,Onyenwere,G. Amoore,WAS,1,G. Amoore,WAS,1022600046
NYL,Stewart,B. Stewart,NYL,0,B. Stewart,NYL,1022600047
GSV,Williams,G. Williams,GSV,1,G. Williams,GSV,1022600048
NYL,Astier,L. Fiebich,NYL,1,L. Fiebich,NYL,1022600049
CHI,Cloud,J. Sheldon,CHI,0,N. Cloud,CHI,1022600050
ATL,Canada,N. Hillmon,ATL,0,N. Coffey,MIN,1022600051
CON,Morrow,A. Morrow,CON,1,A. Morrow,CON,1022600052
WAS,Onyenwere,S. Citron,WAS,0,S. Austin,WAS,1022600053
LVA,Young,J. Young,LVA,0,M. Siegrist,DAL,1022600054
GSV,Burton,G. Williams,GSV,0,M. Billings,IND,1022600055
,,J. Jones,NYL,0,M. Johannes,NYL,1022600056
LAS,Ogwumike,S. Austin,WAS,1,S. Austin,WAS,1022600057
CHI,Sheldon,S. Diggins,CHI,0,S. Diggins,CHI,1022600058
,,N. Hillmon,ATL,1,N. Hillmon,ATL,1022600059
SEA,Melbourne,J. Melbourne,SEA,0,S. Dolson,SEA,1022600060
CON,Morrow,S. Rivers,CON,0,R. Burrell,LAS,1022600061
IND,Clark,A. Boston,IND,1,A. Boston,IND,1022600062
GSV,Zandalasini,K. Thornton,GSV,0,J. Young,LVA,1022600063
SEA,Horston,S. Dolson,SEA,0,A. Fudd,DAL,1022600064
PHX,Thomas,N. Mack,PHX,1,N. Mack,PHX,1022600065
CON,Miller,B. Griner,CON,1,B. Griner,CON,1022600066
WAS,Iriafen,S. Austin,WAS,0,K. Cardoso,CHI,1022600067
GSV,Williams,K. Thornton,GSV,1,K. Thornton,GSV,1022600068
LVA,Young,C. Gray,LVA,0,N. Ogwumike,LAS,1022600069
NYL,Fiebich,K. Rice,TOR,0,J. Jones,NYL,1022600070
PHX,Brochant,F. Johnson,SEA,0,F. Johnson,SEA,1022600071
IND,Hull,K. Mitchell,IND,0,J. Canada,ATL,1022600072
GSV,Thornton,K. Thornton,GSV,0,K. McBride,MIN,1022600073
CON,Lacan,L. Lacan,CON,0,A. Stevens,CHI,1022600074
LAS,Plum,P. Bueckers,DAL,1,P. Bueckers,DAL,1022600075
PDX,Engstler,B. Carleton,PDX,0,D. Bonner,PHX,1022600076
,,S. Dolson,SEA,1,S. Dolson,SEA,1022600077
LVA,Wilson,G. Williams,GSV,1,G. Williams,GSV,1022600078
WAS,Iriafen,R. Howard,ATL,1,R. Howard,ATL,1022600079
IND,Billings,K. Mitchell,IND,1,K. Mitchell,IND,1022600080
CHI,Diggins,K. Cardoso,CHI,0,N. Sabally,TOR,1022600081
LAS,Wheeler,N. Ogwumike,LAS,1,N. Ogwumike,LAS,1022600082
CON,Edwards,Han,NYL,0,D. Miller,CON,1022600083
WAS,Onyenwere,S. Austin,WAS,1,S. Austin,WAS,1022600084
SEA,Horston,N. Smith,LVA,1,N. Smith,LVA,1022600085
ATL,Canada,S. Diggins,CHI,1,S. Diggins,CHI,1022600086
MIN,Coffey,O. Miles,MIN,0,M. Siegrist,DAL,1022600087
GSV,Thornton,V. Burton,GSV,1,V. Burton,GSV,1022600088
TOR,Sykes,M. Mabrey,TOR,0,M. Mabrey,TOR,1022600089
SEA,Horston,D. Malonga,SEA,1,D. Malonga,SEA,1022600090
IND,Billings,K. Mitchell,IND,0,K. Cardoso,CHI,1022600091
NYL,Fiebich,M. Johannes,NYL,1,M. Johannes,NYL,1022600092
PHX,Thomas,A. Ogunbowale,DAL,0,P. Bueckers,DAL,1022600093
PDX,Leite,C. Leite,PDX,0,E. Engstler,PDX,1022600094
WAS,Amoore,M. Onyenwere,WAS,0,J. Allemand,TOR,1022600095
GSV,Burton,K. Thornton,GSV,0,N. Hiedeman,SEA,1022600096
CON,Lacan,L. Lacan,CON,1,L. Lacan,CON,1022600097
LVA,Young,C. Gray,LVA,1,C. Gray,LVA,1022600098
PDX,Engstler,M. Gustafson,PDX,0,E. Engstler,PDX,1022600099
LAS,Ogwumike,N. Ogwumike,LAS,1,N. Ogwumike,LAS,1022600100
NYL,Astier,A. Dugalic,WAS,1,A. Dugalic,WAS,1022600101
TOR,Juskaite,J. Allemand,TOR,1,J. Allemand,TOR,1022600102
DAL,Bueckers,P. Bueckers,DAL,1,P. Bueckers,DAL,1022600103
PDX,Leite,C. Leite,PDX,1,C. Leite,PDX,1022600104
LAS,Ogwumike,K. Plum,LAS,0,K. Stokes,GSV,1022600105
TOR,Sykes,I. Harrison,TOR,0,B. Sykes,TOR,1022600106
WAS,Onyenwere,L. Betts,WAS,1,L. Betts,WAS,1022600107
CHI,Cardoso,A. Stevens,CHI,1,A. Stevens,CHI,1022600108
DAL,Bueckers,P. Bueckers,DAL,0,A. Kuier,DAL,1022600109
LAS,Burrell,N. Ogwumike,LAS,0,R. Burrell,LAS,1022600110
LVA,Wilson,J. Young,LVA,0,A. Wilson,LVA,1022600111
SEA,Hiedeman,S. Barker,PDX,0,D. Malonga,SEA,1022600112
ATL,Canada,R. Howard,ATL,0,R. Howard,ATL,1022600113
TOR,Fagbenle,M. Mabrey,TOR,1,M. Mabrey,TOR,1022600114
WAS,Iriafen,K. Iriafen,WAS,1,K. Iriafen,WAS,1022600115
GSV,Thornton,V. Burton,GSV,0,C. Zandalasini,GSV,1022600116
,,N. Hillmon,ATL,0,N. Hillmon,ATL,1022600117
SEA,Hiedeman,A. Fam,SEA,1,A. Fam,SEA,1022600118
CHI,Jaquez,K. Cardoso,CHI,1,K. Cardoso,CHI,1022600119
GSV,Burton,V. Burton,GSV,0,A. Wilson,LVA,1022600120
WAS,Citron,S. Austin,WAS,0,C. Williams,MIN,1022600121
NYL,Sabally,K. Plum,LAS,0,J. Jones,NYL,1022600122
CON,Lacan,L. Lacan,CON,1,L. Lacan,CON,1022600123
ATL,Gray,J. Canada,ATL,1,J. Canada,ATL,1022600124
PHX,Thomas,L. Hull,IND,1,L. Hull,IND,1022600125
DAL,Bueckers,J. Shepard,DAL,0,D. Malonga,SEA,1022600126
NYL,Sabally,S. Sabally,NYL,0,J. Young,LVA,1022600127
IND,Clark,A. Thomas,PHX,0,K. Mitchell,IND,1022600128
WAS,Iriafen,S. Citron,WAS,1,S. Citron,WAS,1022600129
PDX,Carleton,M. Gustafson,PDX,1,M. Gustafson,PDX,1022600130
ATL,Canada,R. Howard,ATL,1,R. Howard,ATL,1022600131
TOR,Mabrey,M. Mabrey,TOR,1,M. Mabrey,TOR,1022600132
LVA,Young,A. Fudd,DAL,1,A. Fudd,DAL,1022600133
NYL,Fiebich,L. Fiebich,NYL,1,L. Fiebich,NYL,1022600134
,,B. Griner,CON,0,S. Austin,WAS,1022600135
PDX,Gustafson,A. Stevens,CHI,0,M. Gustafson,PDX,1022600136
ATL,Hillmon,A. Gray,ATL,0,K. Stokes,GSV,1022600137
PHX,Copper,L. Held,PHX,0,K. Nurse,TOR,1022600138
LAS,Atkins,D. Hamby,LAS,0,N. Ogwumike,LAS,1022600139
SEA,Hiedeman,N. Hiedeman,SEA,0,D. Malonga,SEA,1022600140
,,O. Miles,MIN,0,A. Kuier,DAL,1022600141
WAS,Citron,K. Iriafen,WAS,0,E. Engstler,PDX,1022600142
CHI,Jaquez,A. Stevens,CHI,0,K. Cardoso,CHI,1022600143
NYL,Fiebich,J. Jones,NYL,0,C. Zandalasini,GSV,1022600144
WAS,Iriafen,S. Austin,WAS,1,S. Austin,WAS,1022600145
CON,Miller,A. Ogunbowale,DAL,1,A. Ogunbowale,DAL,1022600146
SEA,Johnson,A. Fam,SEA,1,A. Fam,SEA,1022600147
MIN,McBride,O. Miles,MIN,0,O. Miles,MIN,1022600148
LVA,Young,N. Smith,LVA,1,N. Smith,LVA,1022600149
ATL,Canada,R. Howard,ATL,0,C. Zandalasini,GSV,1022600150
SEA,Fam,A. Fam,SEA,0,J. Melbourne,SEA,1022600151
DAL,Fudd,J. Shepard,DAL,0,A. Fudd,DAL,1022600152
IND,Billings,A. Boston,IND,0,L. Hull,IND,1022600153
WAS,Iriafen,S. Austin,WAS,1,S. Austin,WAS,1022600154
CON,Miller,B. Griner,CON,0,L. Lacan,CON,1022600155
LAS,Ogwumike,D. Hamby,LAS,1,D. Hamby,LAS,1022600156
DAL,Shepard,J. Shepard,DAL,1,J. Shepard,DAL,1022600157
PHX,Copper,K. Copper,PHX,1,K. Copper,PHX,1022600158
TOR,Conde,I. Harrison,TOR,0,I. Harrison,TOR,1022600159
CON,Miller,C. Leger-Walker,CON,1,C. Leger-Walker,CON,1022600160
IND,Clark,C. Clark,IND,0,M. Billings,IND,1022600161
ATL,Howard,R. Howard,ATL,0,N. Hiedeman,SEA,1022600162
IND,Mitchell,K. Mitchell,IND,0,T. Harris,IND,1022600163
LVA,Gray,S. Talbot,LVA,0,A. Wilson,LVA,1022600164
CON,Leger-Walker,O. Nelson-Ododa,CON,1,O. Nelson-Ododa,CON,1022600165
TOR,Juskaite,L. Juskaite,TOR,0,J. Shepard,DAL,1022600166
CHI,Cloud,N. Cloud,CHI,0,D. Hamby,LAS,1022600167
NYL,Gardner,J. Jones,NYL,0,B. Stewart,NYL,1022600168
PHX,Thomas,V. Ayayi,PHX,0,J. Young,LVA,1022600169
,,A. Gray,ATL,0,M. Gustafson,PDX,1022600170
TOR,Allemand,M. Mabrey,TOR,0,L. Juskaite,TOR,1022600171
SEA,Melbourne,F. Johnson,SEA,0,N. Hiedeman,SEA,1022600172
DAL,Shepard,C. Vandersloot,CHI,1,C. Vandersloot,CHI,1022600173
IND,Clark,A. Boston,IND,1,A. Boston,IND,1022600174
ATL,Canada,R. Howard,ATL,1,R. Howard,ATL,1022600175
PHX,Thomas,A. Thomas,PHX,1,A. Thomas,PHX,1022600176
CON,Miller,O. Nelson-Ododa,CON,0,S. Barker,PDX,1022600177
WAS,Amoore,M. Onyenwere,WAS,0,K. Iriafen,WAS,1022600178
CHI,Taylor,A. Stevens,CHI,1,A. Stevens,CHI,1022600179
,Williams,O. Miles,MIN,0,N. Ogwumike,LAS,1022600180
GSV,Burton,C. Clark,IND,0,G. Williams,GSV,1022600181
WAS,Amoore,M. Onyenwere,WAS,0,M. Onyenwere,WAS,1022600182
NYL,Stewart,B. Stewart,NYL,0,J. Jones,NYL,1022600183
SEA,Melbourne,K. Mitchell,IND,1,K. Mitchell,IND,1022600184
TOR,Juskaite,I. Harrison,TOR,0,M. Mabrey,TOR,1022600185
CHI,Vandersloot,K. Cardoso,CHI,0,E. Wheeler,LAS,1022600186
CON,Nelson-Ododa,B. Griner,CON,1,B. Griner,CON,1022600187
IND,Billings,B. Stewart,NYL,0,P. Astier,NYL,1022600188
PDX,Barker,B. Carleton,PDX,0,N. Howard,MIN,1022600189
GSV,Zandalasini,C. Zandalasini,GSV,1,C. Zandalasini,GSV,1022600190
,,P. Bueckers,DAL,0,N. Ogwumike,LAS,1022600191
CHI,Vandersloot,A. Stevens,CHI,0,A. Gray,ATL,1022600192
CON,Nelson-Ododa,O. Nelson-Ododa,CON,0,O. Nelson-Ododa,CON,1022600193
TOR,Mabrey,L. Juskaite,TOR,0,M. Conde,TOR,1022600194
GSV,Burton,C. Zandalasini,GSV,1,C. Zandalasini,GSV,1022600195
SEA,Hiedeman,O. Miles,MIN,1,O. Miles,MIN,1022600196
PHX,Thomas,D. Bonner,PHX,1,D. Bonner,PHX,1022600197
SEA,Hiedeman,D. Malonga,SEA,0,N. Howard,MIN,1022600198
NYL,Ionescu,J. Jones,NYL,1,J. Jones,NYL,1022600199
LVA,Wilson,C. Gray,LVA,1,C. Gray,LVA,1022600200
CON,Morrow,A. Morrow,CON,1,A. Morrow,CON,1022600201
PDX,Barker,S. Barker,PDX,1,S. Barker,PDX,1022600202
CON,Morrow,C. Leger-Walker,CON,0,S. Austin,WAS,1022600203
TOR,Allemand,M. Conde,TOR,1,M. Conde,TOR,1022600204
IND,Clark,C. Clark,IND,1,C. Clark,IND,1022600205
LVA,Young,A. Wilson,LVA,1,A. Wilson,LVA,1022600206
NYL,Astier,S. Ionescu,NYL,1,S. Ionescu,NYL,1022600207
DAL,Shepard,J. Shepard,DAL,1,J. Shepard,DAL,1022600208
GSV,Burton,C. Zandalasini,GSV,0,A. Thomas,PHX,1022600209
TOR,Conde,M. Conde,TOR,1,M. Conde,TOR,1022600210
CHI,Taylor,K. Cardoso,CHI,0,K. Cardoso,CHI,1022600211
NYL,Astier,B. Stewart,NYL,1,B. Stewart,NYL,1022600212
SEA,Hiedeman,N. Hiedeman,SEA,0,D. Malonga,SEA,1022600213
WAS,Onyenwere,S. Austin,WAS,0,S. Austin,WAS,1022600214
IND,Mitchell,M. Billings,IND,0,A. Boston,IND,1022600215
CHI,Vandersloot,K. Cardoso,CHI,0,J. Young,LVA,1022600216
NYL,Stewart,S. Ionescu,NYL,1,S. Ionescu,NYL,1022600217
IND,Billings,A. Boston,IND,1,A. Boston,IND,1022600218
LAS,Burrell,D. Hamby,LAS,1,D. Hamby,LAS,1022600219
CON,Burke,K. Burke,CON,0,D. Miller,CON,1022600220
GSV,Burton,C. Zandalasini,GSV,1,C. Zandalasini,GSV,1022600221
