SEASON_ID,TEAM_ID,TEAM_ABBREVIATION,TEAM_NAME,GAME_ID,GAME_DATE,MATCHUP,WL,MIN,PTS,FGM,FGA,FG_PCT,FG3M,FG3A,FG3_PCT,FTM,FTA,FT_PCT,OREB,DREB,REB,AST,STL,BLK,TOV,PF,PLUS_MINUS
22026,1611661332,TOR,Toronto Tempo,1022600267,2026-08-19,TOR @ WAS,L,200,82,28,65,0.431,11,27,0.407,15,23,0.652,7,20,27,18,5,3,8,25,-11.0
22026,1611661331,GSV,Golden State Valkyries,1022600268,2026-08-19,GSV vs. MIN,L,200,66,25,77,0.325,7,37,0.189,9,11,0.818,13,20,33,18,8,2,9,19,-11.0
22026,1611661324,MIN,Minnesota Lynx,1022600268,2026-08-19,MIN @ GSV,W,201,77,28,56,0.5,7,19,0.368,14,16,0.875,5,25,30,20,3,4,14,17,11.0
22026,1611661322,WAS,Washington Mystics,1022600267,2026-08-19,WAS vs. TOR,W,201,93,30,66,0.455,9,27,0.333,24,28,0.857,14,29,43,23,5,4,16,16,11.0
22026,1611661319,LVA,Las Vegas Aces,1022600266,2026-08-18,LVA vs. ATL,L,200,82,25,63,0.397,10,28,0.357,22,25,0.88,7,26,33,15,4,12,17,22,-15.0
22026,1611661320,LAS,Los Angeles Sparks,1022600263,2026-08-18,LAS @ CON,L,199,77,29,64,0.453,2,16,0.125,17,23,0.739,10,19,29,18,12,4,16,15,-8.0
22026,1611661332,TOR,Toronto Tempo,1022600264,2026-08-18,TOR vs. IND,L,201,95,34,87,0.391,12,37,0.324,15,20,0.75,18,23,41,19,6,6,11,20,-6.0
22026,1611661329,CHI,Chicago Sky,1022600265,2026-08-18,CHI vs. NYL,W,200,93,35,79,0.443,7,28,0.25,16,22,0.727,14,30,44,24,8,2,13,15,7.0
22026,1611661330,ATL,Atlanta Dream,1022600266,2026-08-18,ATL @ LVA,W,200,97,32,71,0.451,8,23,0.348,25,27,0.926,4,28,32,18,15,3,11,22,15.0
22026,1611661323,CON,Connecticut Sun,1022600263,2026-08-18,CON vs. LAS,W,201,85,36,71,0.507,4,12,0.333,9,11,0.818,10,23,33,23,12,3,17,19,8.0
22026,1611661313,NYL,New York Liberty,1022600265,2026-08-18,NYL @ CHI,L,200,86,33,72,0.458,9,36,0.25,11,13,0.846,7,28,35,24,7,4,15,18,-7.0
22026,1611661325,IND,Indiana Fever,1022600264,2026-08-18,IND @ TOR,W,199,101,37,70,0.529,11,25,0.44,16,19,0.842,7,25,32,20,7,3,15,22,6.0
22026,1611661321,DAL,Dallas Wings,1022600262,2026-08-17,DAL @ GSV,L,200,70,26,58,0.448,5,22,0.227,13,15,0.867,4,29,33,15,7,4,16,16,-8.0
22026,1611661331,GSV,Golden State Valkyries,1022600262,2026-08-17,GSV vs. DAL,W,200,78,27,72,0.375,12,36,0.333,12,14,0.857,10,20,30,17,7,1,11,14,8.0
22026,1611661325,IND,Indiana Fever,1022600261,2026-08-16,IND @ ATL,W,225,95,36,81,0.444,6,24,0.25,17,23,0.739,10,30,40,18,8,6,9,19,4.0
22026,1611661329,CHI,Chicago Sky,1022600259,2026-08-16,CHI @ SEA,W,200,82,27,75,0.36,6,23,0.261,22,27,0.815,12,35,47,17,11,7,17,24,2.0
22026,1611661327,PDX,Portland Fire,1022600260,2026-08-16,PDX @ PHX,W,201,88,32,71,0.451,10,37,0.27,14,21,0.667,10,26,36,15,6,4,11,23,3.0
22026,1611661317,PHX,Phoenix Mercury,1022600260,2026-08-16,PHX vs. PDX,L,200,85,28,67,0.418,9,27,0.333,20,25,0.8,7,29,36,18,5,1,12,20,-3.0
22026,1611661328,SEA,Seattle Storm,1022600259,2026-08-16,SEA vs. CHI,L,199,80,29,72,0.403,6,24,0.25,16,20,0.8,5,29,34,21,7,13,18,17,-2.0
22026,1611661330,ATL,Atlanta Dream,1022600261,2026-08-16,ATL vs. IND,L,225,91,29,82,0.354,8,32,0.25,25,26,0.962,11,29,40,21,2,4,14,24,-4.0
22026,1611661319,LVA,Las Vegas Aces,1022600258,2026-08-15,LVA vs. MIN,L,200,87,31,69,0.449,9,28,0.321,16,18,0.889,12,17,29,20,7,2,13,14,-5.0
22026,1611661324,MIN,Minnesota Lynx,1022600258,2026-08-15,MIN @ LVA,W,199,92,32,64,0.5,11,26,0.423,17,18,0.944,7,25,32,14,9,1,15,22,5.0
22026,1611661313,NYL,New York Liberty,1022600256,2026-08-15,NYL @ CON,W,201,82,30,65,0.462,13,27,0.481,9,11,0.818,3,27,30,18,3,4,12,21,7.0
22026,1611661323,CON,Connecticut Sun,1022600256,2026-08-15,CON vs. NYL,L,200,75,24,67,0.358,8,29,0.276,19,22,0.864,9,26,35,17,4,7,10,17,-7.0
22026,1611661322,WAS,Washington Mystics,1022600257,2026-08-15,WAS vs. LAS,W,198,80,34,72,0.472,4,21,0.19,8,12,0.667,11,32,43,23,10,4,12,17,10.0
22026,1611661320,LAS,Los Angeles Sparks,1022600257,2026-08-15,LAS @ WAS,L,200,70,24,61,0.393,9,26,0.346,13,16,0.813,3,24,27,20,11,2,14,18,-10.0
22026,1611661327,PDX,Portland Fire,1022600255,2026-08-14,PDX @ SEA,W,199,84,31,72,0.431,12,37,0.324,10,17,0.588,11,32,43,22,8,4,14,18,2.0
22026,1611661328,SEA,Seattle Storm,1022600255,2026-08-14,SEA vs. PDX,L,200,82,27,81,0.333,14,39,0.359,14,17,0.824,14,31,45,18,5,4,11,17,-2.0
22026,1611661321,DAL,Dallas Wings,1022600254,2026-08-14,DAL @ IND,L,201,87,31,72,0.431,7,29,0.241,18,20,0.9,11,20,31,18,3,6,10,19,-11.0
22026,1611661325,IND,Indiana Fever,1022600254,2026-08-14,IND vs. DAL,W,200,98,39,74,0.527,9,24,0.375,11,13,0.846,9,25,34,14,4,2,9,21,11.0
22026,1611661319,LVA,Las Vegas Aces,1022600253,2026-08-13,LVA vs. WAS,W,201,83,24,59,0.407,10,25,0.4,25,27,0.926,4,23,27,19,3,4,12,21,7.0
22026,1611661322,WAS,Washington Mystics,1022600253,2026-08-13,WAS @ LVA,L,199,76,31,61,0.508,6,15,0.4,8,16,0.5,7,28,35,16,5,1,15,21,-7.0
22026,1611661323,CON,Connecticut Sun,1022600251,2026-08-13,CON vs. ATL,L,200,69,21,70,0.3,8,20,0.4,19,25,0.76,13,23,36,15,6,8,10,25,-35.0
22026,1611661330,ATL,Atlanta Dream,1022600251,2026-08-13,ATL @ CON,W,200,104,29,67,0.433,14,26,0.538,32,36,0.889,10,35,45,19,8,9,10,22,35.0
22026,1611661313,NYL,New York Liberty,1022600252,2026-08-13,NYL vs. LAS,W,201,85,32,77,0.416,7,27,0.259,14,18,0.778,14,27,41,22,12,1,11,18,4.0
22026,1611661320,LAS,Los Angeles Sparks,1022600252,2026-08-13,LAS @ NYL,L,200,81,32,68,0.471,10,30,0.333,7,13,0.538,9,27,36,22,7,5,14,20,-4.0
22026,1611661329,CHI,Chicago Sky,1022600249,2026-08-12,CHI @ GSV,L,199,71,27,63,0.429,6,19,0.316,11,15,0.733,7,22,29,19,10,2,17,18,-20.0
22026,1611661324,MIN,Minnesota Lynx,1022600250,2026-08-12,MIN @ PDX,W,201,85,30,65,0.462,6,20,0.3,19,26,0.731,6,29,35,22,9,5,10,16,4.0
22026,1611661321,DAL,Dallas Wings,1022600248,2026-08-12,DAL vs. TOR,W,198,94,31,70,0.443,9,26,0.346,23,26,0.885,7,23,30,24,9,5,9,21,6.0
22026,1611661332,TOR,Toronto Tempo,1022600248,2026-08-12,TOR @ DAL,L,200,88,32,76,0.421,8,30,0.267,16,18,0.889,14,23,37,19,6,4,16,23,-6.0
22026,1611661331,GSV,Golden State Valkyries,1022600249,2026-08-12,GSV vs. CHI,W,198,91,32,63,0.508,8,21,0.381,19,24,0.792,8,22,30,17,16,3,13,15,20.0
22026,1611661327,PDX,Portland Fire,1022600250,2026-08-12,PDX vs. MIN,L,201,81,32,71,0.451,8,31,0.258,9,16,0.563,11,28,39,21,7,4,14,19,-4.0
22026,1611661319,LVA,Las Vegas Aces,1022600246,2026-08-11,LVA vs. WAS,W,199,86,32,70,0.457,9,23,0.391,13,14,0.929,9,21,30,20,9,5,8,15,10.0
22026,1611661317,PHX,Phoenix Mercury,1022600247,2026-08-11,PHX @ LAS,W,200,94,31,60,0.517,9,25,0.36,23,30,0.767,7,29,36,22,12,5,23,23,7.0
22026,1611661322,WAS,Washington Mystics,1022600246,2026-08-11,WAS @ LVA,L,198,76,29,68,0.426,5,18,0.278,13,18,0.722,14,27,41,20,5,2,16,17,-10.0
22026,1611661320,LAS,Los Angeles Sparks,1022600247,2026-08-11,LAS vs. PHX,L,201,87,32,74,0.432,7,32,0.219,16,22,0.727,11,22,33,25,11,2,17,25,-7.0
22026,1611661325,IND,Indiana Fever,1022600245,2026-08-11,IND vs. NYL,W,200,106,37,69,0.536,16,25,0.64,16,19,0.842,4,23,27,22,7,4,11,17,14.0
22026,1611661313,NYL,New York Liberty,1022600245,2026-08-11,NYL @ IND,L,201,92,35,76,0.461,11,36,0.306,11,13,0.846,13,26,39,23,7,5,13,18,-14.0
22026,1611661332,TOR,Toronto Tempo,1022600243,2026-08-10,TOR @ ATL,L,200,95,35,67,0.522,10,26,0.385,15,21,0.714,5,20,25,20,7,4,13,22,-12.0
22026,1611661330,ATL,Atlanta Dream,1022600243,2026-08-10,ATL vs. TOR,W,201,107,36,70,0.514,14,32,0.438,21,30,0.7,12,27,39,29,7,3,12,20,12.0
22026,1611661328,SEA,Seattle Storm,1022600244,2026-08-10,SEA vs. CHI,W,200,97,32,71,0.451,8,21,0.381,25,28,0.893,9,27,36,22,9,4,14,20,9.0
22026,1611661329,CHI,Chicago Sky,1022600244,2026-08-10,CHI @ SEA,L,199,88,30,72,0.417,6,20,0.3,22,28,0.786,13,22,35,18,9,3,15,22,-9.0
22026,1611661322,WAS,Washington Mystics,1022600240,2026-08-09,WAS vs. PHX,W,201,95,36,72,0.5,11,29,0.379,12,19,0.632,10,30,40,24,11,4,8,17,20.0
22026,1611661319,LVA,Las Vegas Aces,1022600239,2026-08-09,LVA @ NYL,L,201,71,25,63,0.397,10,29,0.345,11,14,0.786,5,19,24,17,6,2,14,18,-40.0
22026,1611661320,LAS,Los Angeles Sparks,1022600242,2026-08-09,LAS vs. GSV,L,199,78,32,70,0.457,10,31,0.323,4,9,0.444,11,17,28,18,6,1,11,17,-6.0
22026,1611661313,NYL,New York Liberty,1022600239,2026-08-09,NYL vs. LVA,W,200,111,40,75,0.533,14,32,0.438,17,21,0.81,13,32,45,25,8,4,13,13,40.0
22026,1611661317,PHX,Phoenix Mercury,1022600240,2026-08-09,PHX @ WAS,L,200,75,29,69,0.42,11,29,0.379,6,8,0.75,6,27,33,22,5,3,16,15,-20.0
22026,1611661324,MIN,Minnesota Lynx,1022600241,2026-08-09,MIN vs. DAL,W,201,103,40,72,0.556,18,39,0.462,5,9,0.556,6,18,24,29,12,3,11,12,13.0
22026,1611661321,DAL,Dallas Wings,1022600241,2026-08-09,DAL @ MIN,L,200,90,37,68,0.544,6,20,0.3,10,11,0.909,8,26,34,24,5,0,18,8,-13.0
22026,1611661331,GSV,Golden State Valkyries,1022600242,2026-08-09,GSV @ LAS,W,200,84,32,69,0.464,12,34,0.353,8,9,0.889,11,25,36,22,7,2,13,16,6.0
22026,1611661329,CHI,Chicago Sky,1022600237,2026-08-08,CHI vs. IND,L,201,86,31,68,0.456,9,22,0.409,15,20,0.75,7,23,30,25,10,2,12,22,-4.0
22026,1611661325,IND,Indiana Fever,1022600237,2026-08-08,IND @ CHI,W,201,90,35,68,0.515,9,22,0.409,11,16,0.688,7,27,34,23,8,7,13,18,4.0
22026,1611661324,MIN,Minnesota Lynx,1022600236,2026-08-08,MIN vs. LVA,W,201,98,37,76,0.487,15,29,0.517,9,10,0.9,9,25,34,24,10,4,14,20,11.0
22026,1611661327,PDX,Portland Fire,1022600238,2026-08-08,PDX vs. SEA,W,200,100,34,66,0.515,15,36,0.417,17,20,0.85,4,27,31,25,6,1,10,18,7.0
22026,1611661328,SEA,Seattle Storm,1022600238,2026-08-08,SEA @ PDX,L,202,93,32,68,0.471,13,36,0.361,16,19,0.842,6,21,27,19,6,6,13,20,-7.0
22026,1611661319,LVA,Las Vegas Aces,1022600236,2026-08-08,LVA @ MIN,L,200,87,30,69,0.435,10,27,0.37,17,18,0.944,12,25,37,17,3,4,16,11,-11.0
22026,1611661321,DAL,Dallas Wings,1022600235,2026-08-07,DAL vs. GSV,L,201,76,21,62,0.339,7,25,0.28,27,38,0.711,15,24,39,8,7,3,13,15,-18.0
22026,1611661330,ATL,Atlanta Dream,1022600234,2026-08-07,ATL @ WAS,L,199,74,25,77,0.325,6,21,0.286,18,27,0.667,14,26,40,16,5,7,16,29,-5.0
22026,1611661322,WAS,Washington Mystics,1022600234,2026-08-07,WAS vs. ATL,W,200,79,29,62,0.468,6,14,0.429,15,34,0.441,11,35,46,14,6,12,17,27,5.0
22026,1611661317,PHX,Phoenix Mercury,1022600233,2026-08-07,PHX @ CON,L,200,72,27,68,0.397,5,28,0.179,13,23,0.565,6,23,29,19,10,1,10,21,-3.0
22026,1611661331,GSV,Golden State Valkyries,1022600235,2026-08-07,GSV @ DAL,W,201,94,33,71,0.465,12,34,0.353,16,18,0.889,9,29,38,27,8,5,7,24,18.0
22026,1611661323,CON,Connecticut Sun,1022600233,2026-08-07,CON vs. PHX,W,201,75,27,57,0.474,7,20,0.35,14,20,0.7,3,31,34,19,5,5,18,24,3.0
22026,1611661319,LVA,Las Vegas Aces,1022600230,2026-08-06,LVA @ IND,W,224,86,35,86,0.407,5,22,0.227,11,14,0.786,12,27,39,24,9,4,16,24,2.0
22026,1611661327,PDX,Portland Fire,1022600232,2026-08-06,PDX vs. TOR,W,201,97,33,66,0.5,11,27,0.407,20,24,0.833,8,25,33,23,7,4,15,22,14.0
22026,1611661325,IND,Indiana Fever,1022600230,2026-08-06,IND vs. LVA,L,225,84,31,67,0.463,7,20,0.35,15,20,0.75,6,32,38,16,10,4,21,16,-2.0
22026,1611661320,LAS,Los Angeles Sparks,1022600231,2026-08-06,LAS @ MIN,W,201,89,34,68,0.5,9,24,0.375,12,16,0.75,10,25,35,27,6,4,13,13,7.0
22026,1611661332,TOR,Toronto Tempo,1022600232,2026-08-06,TOR @ PDX,L,201,83,29,72,0.403,9,31,0.29,16,24,0.667,12,24,36,23,7,3,16,18,-14.0
22026,1611661324,MIN,Minnesota Lynx,1022600231,2026-08-06,MIN vs. LAS,L,199,82,31,73,0.425,9,29,0.31,11,13,0.846,14,21,35,17,7,2,13,22,-7.0
22026,1611661321,DAL,Dallas Wings,1022600228,2026-08-05,DAL @ WAS,L,200,92,34,68,0.5,9,23,0.391,15,21,0.714,7,25,32,23,6,6,9,26,3.0
22026,1611661322,WAS,Washington Mystics,1022600228,2026-08-05,WAS vs. DAL,W,202,96,33,66,0.5,8,22,0.364,22,26,0.846,8,26,34,19,6,3,11,21,-3.0
22026,1611661320,LAS,Los Angeles Sparks,1022600229,2026-08-05,LAS @ CHI,L,199,88,32,68,0.471,9,24,0.375,15,20,0.75,9,26,35,27,6,5,14,19,-7.0
22026,1611661330,ATL,Atlanta Dream,1022600226,2026-08-05,ATL vs. PHX,W,202,96,33,70,0.471,14,33,0.424,16,17,0.941,7,31,38,29,3,6,12,22,14.0
22026,1611661328,SEA,Seattle Storm,1022600227,2026-08-05,SEA @ NYL,L,199,86,36,79,0.456,7,22,0.318,7,11,0.636,13,22,35,23,7,3,10,19,-6.0
22026,1611661329,CHI,Chicago Sky,1022600229,2026-08-05,CHI vs. LAS,W,201,95,35,66,0.53,9,20,0.45,16,19,0.842,3,26,29,28,7,6,12,18,7.0
22026,1611661317,PHX,Phoenix Mercury,1022600226,2026-08-05,PHX @ ATL,L,201,82,26,64,0.406,7,24,0.292,23,26,0.885,4,24,28,22,4,2,9,13,-14.0
22026,1611661313,NYL,New York Liberty,1022600227,2026-08-05,NYL vs. SEA,W,200,92,33,75,0.44,7,29,0.241,19,21,0.905,8,30,38,25,7,3,10,13,6.0
22026,1611661331,GSV,Golden State Valkyries,1022600225,2026-08-04,GSV vs. TOR,W,200,92,31,68,0.456,12,33,0.364,18,23,0.783,15,23,38,21,9,2,12,14,11.0
22026,1611661332,TOR,Toronto Tempo,1022600225,2026-08-04,TOR @ GSV,L,200,81,28,59,0.475,12,29,0.414,13,15,0.867,5,22,27,22,8,3,15,19,-11.0
22026,1611661330,ATL,Atlanta Dream,1022600222,2026-08-03,ATL vs. LVA,L,200,87,33,75,0.44,4,24,0.167,17,20,0.85,12,22,34,19,5,2,11,14,-22.0
22026,1611661329,CHI,Chicago Sky,1022600224,2026-08-03,CHI vs. PHX,L,200,101,37,76,0.487,10,26,0.385,17,25,0.68,9,27,36,29,5,1,8,26,-5.0
22026,1611661313,NYL,New York Liberty,1022600223,2026-08-03,NYL vs. SEA,W,199,95,34,68,0.5,14,34,0.412,13,16,0.813,9,27,36,23,2,6,12,14,12.0
22026,1611661328,SEA,Seattle Storm,1022600223,2026-08-03,SEA @ NYL,L,199,83,29,71,0.408,9,29,0.31,16,19,0.842,7,22,29,21,7,3,7,18,-12.0
22026,1611661319,LVA,Las Vegas Aces,1022600222,2026-08-03,LVA @ ATL,W,201,109,44,71,0.62,10,19,0.526,11,14,0.786,5,25,30,24,5,6,9,16,22.0
22026,1611661317,PHX,Phoenix Mercury,1022600224,2026-08-03,PHX @ CHI,W,201,106,32,63,0.508,11,26,0.423,31,40,0.775,6,30,36,26,5,5,12,21,5.0
22026,1611661331,GSV,Golden State Valkyries,1022600221,2026-08-02,GSV vs. TOR,W,199,96,33,67,0.493,14,29,0.483,16,18,0.889,4,22,26,26,8,5,7,20,17.0
22026,1611661324,MIN,Minnesota Lynx,1022600218,2026-08-02,MIN vs. IND,W,201,108,43,76,0.566,11,25,0.44,11,15,0.733,11,22,33,28,6,3,6,16,8.0
22026,1611661332,TOR,Toronto Tempo,1022600221,2026-08-02,TOR @ GSV,L,201,79,29,67,0.433,7,30,0.233,14,19,0.737,10,24,34,20,3,1,12,21,-17.0
22026,1611661323,CON,Connecticut Sun,1022600220,2026-08-02,CON @ DAL,L,200,63,23,67,0.343,9,23,0.391,8,13,0.615,9,22,31,14,6,3,15,18,-20.0
22026,1611661325,IND,Indiana Fever,1022600218,2026-08-02,IND @ MIN,L,199,100,39,68,0.574,11,24,0.458,11,15,0.733,5,18,23,27,4,2,12,15,-8.0
22026,1611661327,PDX,Portland Fire,1022600219,2026-08-02,PDX vs. LAS,L,200,101,35,77,0.455,15,37,0.405,16,18,0.889,11,23,34,21,8,2,14,21,-5.0
22026,1611661320,LAS,Los Angeles Sparks,1022600219,2026-08-02,LAS @ PDX,W,201,106,39,75,0.52,16,29,0.552,12,14,0.857,9,23,32,33,8,5,13,16,5.0
22026,1611661321,DAL,Dallas Wings,1022600220,2026-08-02,DAL vs. CON,W,200,83,33,69,0.478,7,18,0.389,10,12,0.833,7,31,38,22,10,4,14,15,20.0
22026,1611661317,PHX,Phoenix Mercury,1022600217,2026-08-01,PHX vs. NYL,L,201,92,32,63,0.508,6,19,0.316,22,28,0.786,3,20,23,21,7,2,10,20,-2.0
22026,1611661319,LVA,Las Vegas Aces,1022600216,2026-08-01,LVA @ CHI,L,199,83,32,74,0.432,5,22,0.227,14,18,0.778,9,31,40,21,5,8,16,19,-1.0
22026,1611661329,CHI,Chicago Sky,1022600216,2026-08-01,CHI vs. LVA,W,200,84,31,77,0.403,8,20,0.4,14,22,0.636,11,21,32,19,9,4,13,20,1.0
22026,1611661313,NYL,New York Liberty,1022600217,2026-08-01,NYL @ PHX,W,201,94,33,68,0.485,9,28,0.321,19,19,1.0,9,28,37,26,2,3,14,24,2.0
22026,1611661325,IND,Indiana Fever,1022600215,2026-07-31,IND @ PDX,W,201,112,36,68,0.529,10,29,0.345,30,34,0.882,8,22,30,24,14,4,13,21,14.0
22026,1611661321,DAL,Dallas Wings,1022600214,2026-07-31,DAL @ WAS,L,201,75,28,70,0.4,8,33,0.242,11,13,0.846,6,26,32,19,3,7,6,23,-6.0
22026,1611661330,ATL,Atlanta Dream,1022600213,2026-07-31,ATL vs. SEA,W,200,98,27,64,0.422,10,26,0.385,34,39,0.872,11,22,33,24,14,7,17,19,9.0
22026,1611661322,WAS,Washington Mystics,1022600214,2026-07-31,WAS vs. DAL,W,200,81,26,71,0.366,2,17,0.118,27,31,0.871,13,29,42,17,1,4,7,15,6.0
22026,1611661328,SEA,Seattle Storm,1022600213,2026-07-31,SEA @ ATL,L,199,89,30,68,0.441,5,23,0.217,24,30,0.8,8,22,30,17,10,5,19,26,-9.0
22026,1611661327,PDX,Portland Fire,1022600215,2026-07-31,PDX vs. IND,L,200,98,35,67,0.522,14,31,0.452,14,18,0.778,7,18,25,26,8,3,20,24,-14.0
22026,1611661329,CHI,Chicago Sky,1022600211,2026-07-30,CHI vs. CON,W,201,94,32,67,0.478,7,22,0.318,23,26,0.885,6,22,28,21,10,4,13,17,6.0
22026,1611661324,MIN,Minnesota Lynx,1022600210,2026-07-30,MIN @ TOR,W,201,104,40,82,0.488,13,28,0.464,11,13,0.846,14,22,36,26,14,5,10,13,32.0
22026,1611661319,LVA,Las Vegas Aces,1022600212,2026-07-30,LVA vs. NYL,W,201,104,33,64,0.516,13,28,0.464,25,27,0.926,3,23,26,25,5,4,10,21,5.0
22026,1611661313,NYL,New York Liberty,1022600212,2026-07-30,NYL @ LVA,L,198,99,35,68,0.515,8,22,0.364,21,25,0.84,8,26,34,20,9,1,12,20,-5.0
22026,1611661323,CON,Connecticut Sun,1022600211,2026-07-30,CON @ CHI,L,201,88,31,70,0.443,7,22,0.318,19,24,0.792,8,26,34,20,10,6,16,26,-6.0
22026,1611661332,TOR,Toronto Tempo,1022600210,2026-07-30,TOR vs. MIN,L,200,72,28,62,0.452,10,28,0.357,6,11,0.545,6,20,26,19,6,4,22,12,-32.0
22026,1611661321,DAL,Dallas Wings,1022600208,2026-07-29,DAL vs. ATL,L,200,81,34,69,0.493,4,15,0.267,9,14,0.643,8,24,32,19,9,5,16,19,-1.0
22026,1611661317,PHX,Phoenix Mercury,1022600209,2026-07-29,PHX vs. GSV,W,201,91,27,55,0.491,5,16,0.313,32,43,0.744,6,28,34,19,3,7,10,23,2.0
22026,1611661330,ATL,Atlanta Dream,1022600208,2026-07-29,ATL @ DAL,W,200,82,31,70,0.443,1,16,0.063,19,25,0.76,12,25,37,22,11,4,15,20,1.0
22026,1611661331,GSV,Golden State Valkyries,1022600209,2026-07-29,GSV @ PHX,L,201,89,31,76,0.408,12,33,0.364,15,19,0.789,13,20,33,24,7,1,7,34,-2.0
22026,1611661324,MIN,Minnesota Lynx,1022600204,2026-07-28,MIN vs. TOR,W,201,100,37,72,0.514,14,25,0.56,12,16,0.75,7,24,31,26,8,4,11,20,7.0
22026,1611661313,NYL,New York Liberty,1022600207,2026-07-28,NYL @ LAS,W,200,113,41,70,0.586,17,32,0.531,14,16,0.875,7,21,28,27,10,7,17,13,4.0
22026,1611661322,WAS,Washington Mystics,1022600203,2026-07-28,WAS vs. CON,W,199,92,29,67,0.433,6,12,0.5,28,33,0.848,14,27,41,20,5,7,14,17,8.0
22026,1611661332,TOR,Toronto Tempo,1022600204,2026-07-28,TOR @ MIN,L,201,93,33,73,0.452,13,35,0.371,14,17,0.824,10,26,36,22,7,4,15,18,-7.0
22026,1611661328,SEA,Seattle Storm,1022600205,2026-07-28,SEA vs. IND,L,199,95,32,79,0.405,11,34,0.324,20,27,0.741,16,20,36,17,6,2,4,22,-10.0
22026,1611661320,LAS,Los Angeles Sparks,1022600207,2026-07-28,LAS vs. NYL,L,200,109,44,73,0.603,16,31,0.516,5,7,0.714,2,19,21,35,10,1,15,17,-4.0
22026,1611661319,LVA,Las Vegas Aces,1022600206,2026-07-28,LVA vs. PDX,W,199,98,33,57,0.579,9,22,0.409,23,26,0.885,2,28,30,21,7,3,12,21,15.0
22026,1611661323,CON,Connecticut Sun,1022600203,2026-07-28,CON @ WAS,L,199,84,31,75,0.413,11,25,0.44,11,18,0.611,8,21,29,24,6,8,10,26,-8.0
22026,1611661327,PDX,Portland Fire,1022600206,2026-07-28,PDX @ LVA,L,200,83,27,68,0.397,9,31,0.29,20,25,0.8,12,21,33,18,5,1,13,23,-15.0
22026,1611661325,IND,Indiana Fever,1022600205,2026-07-28,IND @ SEA,W,201,105,33,64,0.516,13,24,0.542,26,26,1.0,6,30,36,16,3,3,11,21,10.0
22026,1611661325,IND,Indiana Fever,1022600201,2026-07-22,IND vs. CON,W,199,123,45,73,0.616,11,22,0.5,22,27,0.815,8,27,35,29,7,7,13,18,35.0
22026,1611661321,DAL,Dallas Wings,1022600202,2026-07-22,DAL @ PDX,W,200,101,35,72,0.486,12,30,0.4,19,24,0.792,9,26,35,28,7,2,13,18,4.0
22026,1611661327,PDX,Portland Fire,1022600202,2026-07-22,PDX vs. DAL,L,200,97,37,65,0.569,10,26,0.385,13,17,0.765,3,19,22,24,6,2,11,21,-4.0
22026,1611661319,LVA,Las Vegas Aces,1022600200,2026-07-22,LVA @ WAS,L,199,99,34,62,0.548,5,14,0.357,26,29,0.897,4,20,24,18,10,6,8,25,-1.0
22026,1611661317,PHX,Phoenix Mercury,1022600197,2026-07-22,PHX @ LAS,W,201,86,35,74,0.473,7,27,0.259,9,13,0.692,7,26,33,28,10,5,12,23,4.0
22026,1611661322,WAS,Washington Mystics,1022600200,2026-07-22,WAS vs. LVA,W,200,100,35,71,0.493,7,13,0.538,23,31,0.742,12,22,34,24,3,1,13,22,1.0
22026,1611661323,CON,Connecticut Sun,1022600201,2026-07-22,CON @ IND,L,200,88,35,79,0.443,8,20,0.4,10,15,0.667,11,17,28,21,8,4,14,25,-35.0
22026,1611661313,NYL,New York Liberty,1022600199,2026-07-22,NYL vs. CHI,W,199,95,29,71,0.408,11,28,0.393,26,28,0.929,10,27,37,17,1,6,13,16,1.0
22026,1611661324,MIN,Minnesota Lynx,1022600198,2026-07-22,MIN @ SEA,W,200,86,31,79,0.392,9,23,0.391,15,17,0.882,15,21,36,23,13,3,11,13,10.0
22026,1611661320,LAS,Los Angeles Sparks,1022600197,2026-07-22,LAS vs. PHX,L,200,82,28,70,0.4,9,28,0.321,17,21,0.81,10,27,37,20,5,5,18,21,-4.0
22026,1611661329,CHI,Chicago Sky,1022600199,2026-07-22,CHI @ NYL,L,199,94,34,71,0.479,7,21,0.333,19,21,0.905,4,26,30,27,8,6,9,20,-1.0
22026,1611661328,SEA,Seattle Storm,1022600198,2026-07-22,SEA vs. MIN,L,201,76,30,74,0.405,5,32,0.156,11,15,0.733,11,30,41,18,7,7,18,12,-10.0
22026,1611661322,WAS,Washington Mystics,1022600195,2026-07-20,WAS @ GSV,W,200,90,32,61,0.525,9,21,0.429,17,21,0.81,6,29,35,25,4,5,16,14,8.0
22026,1611661321,DAL,Dallas Wings,1022600183,2026-07-20,DAL vs. NYL,L,226,98,36,76,0.474,11,21,0.524,15,19,0.789,7,27,34,27,1,7,7,26,-1.0
22026,1611661319,LVA,Las Vegas Aces,1022600194,2026-07-20,LVA @ TOR,W,201,109,45,78,0.577,14,38,0.368,5,6,0.833,4,27,31,29,6,7,7,12,26.0
22026,1611661332,TOR,Toronto Tempo,1022600194,2026-07-20,TOR vs. LVA,L,200,83,29,74,0.392,8,31,0.258,17,19,0.895,13,27,40,19,6,1,11,13,-26.0
22026,1611661328,SEA,Seattle Storm,1022600196,2026-07-20,SEA vs. MIN,L,201,102,35,70,0.5,13,28,0.464,19,22,0.864,10,22,32,23,4,4,15,15,-3.0
22026,1611661324,MIN,Minnesota Lynx,1022600196,2026-07-20,MIN @ SEA,W,199,105,37,76,0.487,10,24,0.417,21,22,0.955,11,24,35,20,10,2,9,18,3.0
22026,1611661331,GSV,Golden State Valkyries,1022600195,2026-07-20,GSV vs. WAS,L,201,82,31,72,0.431,12,33,0.364,8,11,0.727,7,16,23,21,10,4,8,15,-8.0
22026,1611661313,NYL,New York Liberty,1022600183,2026-07-20,NYL @ DAL,W,224,99,35,84,0.417,9,32,0.281,20,23,0.87,17,31,48,17,3,6,6,17,1.0
22026,1611661320,LAS,Los Angeles Sparks,1022600191,2026-07-19,LAS @ DAL,L,200,82,33,68,0.485,6,21,0.286,10,11,0.909,5,25,30,23,9,6,13,23,-8.0
22026,1611661330,ATL,Atlanta Dream,1022600192,2026-07-19,ATL vs. CHI,W,201,93,31,74,0.419,8,28,0.286,23,27,0.852,13,26,39,24,5,5,11,19,2.0
22026,1611661329,CHI,Chicago Sky,1022600192,2026-07-19,CHI @ ATL,L,200,91,35,67,0.522,6,21,0.286,15,21,0.714,4,23,27,18,9,4,11,20,-2.0
22026,1611661323,CON,Connecticut Sun,1022600193,2026-07-19,CON @ PHX,L,200,63,22,58,0.379,4,14,0.286,15,19,0.789,9,26,35,13,6,4,21,25,-9.0
22026,1611661317,PHX,Phoenix Mercury,1022600193,2026-07-19,PHX vs. CON,W,200,72,26,63,0.413,2,15,0.133,18,23,0.783,8,24,32,19,11,3,14,17,9.0
22026,1611661321,DAL,Dallas Wings,1022600191,2026-07-19,DAL vs. LAS,W,199,90,34,69,0.493,7,19,0.368,15,19,0.789,10,24,34,21,8,2,16,21,8.0
22026,1611661324,MIN,Minnesota Lynx,1022600189,2026-07-18,MIN vs. PDX,W,199,101,41,75,0.547,9,23,0.391,10,13,0.769,8,26,34,29,6,9,10,9,8.0
22026,1611661331,GSV,Golden State Valkyries,1022600190,2026-07-18,GSV vs. WAS,W,201,74,24,59,0.407,12,33,0.364,14,20,0.7,8,18,26,21,8,2,8,16,5.0
22026,1611661325,IND,Indiana Fever,1022600188,2026-07-18,IND vs. NYL,W,202,108,37,69,0.536,14,28,0.5,20,27,0.741,8,24,32,22,7,5,16,24,20.0
22026,1611661322,WAS,Washington Mystics,1022600190,2026-07-18,WAS @ GSV,L,200,69,27,60,0.45,6,23,0.261,9,11,0.818,11,26,37,18,5,5,12,17,-5.0
22026,1611661327,PDX,Portland Fire,1022600189,2026-07-18,PDX @ MIN,L,200,93,37,77,0.481,13,30,0.433,6,7,0.857,9,24,33,25,7,2,10,16,-8.0
22026,1611661313,NYL,New York Liberty,1022600188,2026-07-18,NYL @ IND,L,202,88,30,67,0.448,13,32,0.406,15,25,0.6,7,20,27,19,8,6,15,24,-20.0
22026,1611661329,CHI,Chicago Sky,1022600186,2026-07-17,CHI vs. LAS,W,200,96,37,80,0.463,11,32,0.344,11,16,0.688,8,26,34,27,5,3,9,22,14.0
22026,1611661328,SEA,Seattle Storm,1022600184,2026-07-17,SEA @ IND,L,201,107,43,76,0.566,8,21,0.381,13,18,0.722,13,22,35,27,8,3,17,24,-3.0
22026,1611661317,PHX,Phoenix Mercury,1022600187,2026-07-17,PHX vs. CON,L,200,83,30,65,0.462,4,15,0.267,19,23,0.826,4,23,27,18,5,2,13,18,-13.0
22026,1611661320,LAS,Los Angeles Sparks,1022600186,2026-07-17,LAS @ CHI,L,199,82,29,65,0.446,6,26,0.231,18,23,0.783,6,28,34,20,4,5,17,17,-14.0
22026,1611661323,CON,Connecticut Sun,1022600187,2026-07-17,CON @ PHX,W,200,96,36,69,0.522,6,20,0.3,18,23,0.783,7,27,34,24,7,5,11,21,13.0
22026,1611661330,ATL,Atlanta Dream,1022600185,2026-07-17,ATL @ TOR,W,200,111,39,71,0.549,9,28,0.321,24,28,0.857,11,17,28,28,11,1,10,26,19.0
22026,1611661325,IND,Indiana Fever,1022600184,2026-07-17,IND vs. SEA,W,201,110,36,72,0.5,10,23,0.435,28,31,0.903,13,13,26,21,12,3,12,17,3.0
22026,1611661332,TOR,Toronto Tempo,1022600185,2026-07-17,TOR vs. ATL,L,202,92,30,56,0.536,10,21,0.476,22,25,0.88,4,18,22,19,3,3,20,23,-19.0
22026,1611661322,WAS,Washington Mystics,1022600182,2026-07-16,WAS vs. PDX,L,201,56,19,64,0.297,2,21,0.095,16,23,0.696,19,26,45,11,4,4,19,15,-19.0
22026,1611661327,PDX,Portland Fire,1022600182,2026-07-16,PDX @ WAS,W,200,75,29,67,0.433,10,36,0.278,7,9,0.778,8,22,30,20,10,2,11,26,19.0
22026,1611661329,CHI,Chicago Sky,1022600179,2026-07-15,CHI vs. SEA,W,201,95,35,74,0.473,11,32,0.344,14,19,0.737,6,23,29,27,11,4,13,16,5.0
22026,1611661331,GSV,Golden State Valkyries,1022600181,2026-07-15,GSV @ IND,W,200,88,30,58,0.517,8,24,0.333,20,23,0.87,6,24,30,16,9,4,14,16,13.0
22026,1611661324,MIN,Minnesota Lynx,1022600180,2026-07-15,MIN vs. LAS,W,201,96,34,68,0.5,8,25,0.32,20,24,0.833,7,18,25,21,13,4,11,17,9.0
22026,1611661328,SEA,Seattle Storm,1022600179,2026-07-15,SEA @ CHI,L,199,90,36,78,0.462,4,25,0.16,14,23,0.609,16,29,45,24,10,4,16,18,-5.0
22026,1611661325,IND,Indiana Fever,1022600181,2026-07-15,IND vs. GSV,L,201,75,27,67,0.403,9,25,0.36,12,16,0.75,10,16,26,14,8,2,15,19,-13.0
22026,1611661320,LAS,Los Angeles Sparks,1022600180,2026-07-15,LAS @ MIN,L,200,87,31,65,0.477,9,28,0.321,16,19,0.842,5,26,31,22,6,1,17,17,-9.0
22026,1611661323,CON,Connecticut Sun,1022600177,2026-07-14,CON vs. PDX,W,200,90,35,67,0.522,3,14,0.214,17,20,0.85,11,20,31,28,11,4,14,21,3.0
22026,1611661322,WAS,Washington Mystics,1022600178,2026-07-14,WAS @ TOR,W,200,79,30,75,0.4,4,23,0.174,15,19,0.789,18,29,47,18,3,6,11,17,17.0
22026,1611661332,TOR,Toronto Tempo,1022600178,2026-07-14,TOR vs. WAS,L,200,62,23,65,0.354,7,26,0.269,9,10,0.9,5,21,26,15,3,4,10,22,-17.0
22026,1611661327,PDX,Portland Fire,1022600177,2026-07-14,PDX @ CON,L,201,87,29,60,0.483,9,26,0.346,20,21,0.952,4,20,24,19,10,3,15,14,-3.0
22026,1611661330,ATL,Atlanta Dream,1022600175,2026-07-13,ATL vs. LAS,W,200,101,36,73,0.493,9,28,0.321,20,23,0.87,12,23,35,22,11,1,17,17,9.0
22026,1611661317,PHX,Phoenix Mercury,1022600176,2026-07-13,PHX @ MIN,L,200,100,35,63,0.556,11,25,0.44,19,21,0.905,4,22,26,28,5,0,14,18,-4.0
22026,1611661320,LAS,Los Angeles Sparks,1022600175,2026-07-13,LAS @ ATL,L,202,92,35,67,0.522,9,24,0.375,13,16,0.813,6,19,25,18,11,3,18,23,-9.0
22026,1611661324,MIN,Minnesota Lynx,1022600176,2026-07-13,MIN vs. PHX,W,200,104,34,61,0.557,12,29,0.414,24,26,0.923,4,20,24,20,9,4,12,21,4.0
22026,1611661319,LVA,Las Vegas Aces,1022600174,2026-07-12,LVA vs. IND,L,202,75,27,69,0.391,4,17,0.235,17,20,0.85,9,19,28,17,4,4,11,19,-34.0
22026,1611661322,WAS,Washington Mystics,1022600172,2026-07-12,WAS vs. SEA,W,201,84,31,72,0.431,5,19,0.263,17,23,0.739,9,23,32,23,10,3,15,17,5.0
22026,1611661313,NYL,New York Liberty,1022600171,2026-07-12,NYL @ TOR,L,200,91,33,76,0.434,5,26,0.192,20,22,0.909,10,23,33,16,11,4,17,19,-2.0
22026,1611661332,TOR,Toronto Tempo,1022600171,2026-07-12,TOR vs. NYL,W,200,93,34,66,0.515,9,24,0.375,16,18,0.889,5,25,30,22,10,3,23,28,2.0
22026,1611661329,CHI,Chicago Sky,1022600173,2026-07-12,CHI @ DAL,L,200,91,36,75,0.48,7,22,0.318,12,13,0.923,6,30,36,16,3,1,6,16,-5.0
22026,1611661321,DAL,Dallas Wings,1022600173,2026-07-12,DAL vs. CHI,W,201,96,36,75,0.48,9,25,0.36,15,19,0.789,7,26,33,23,4,3,5,13,5.0
22026,1611661325,IND,Indiana Fever,1022600174,2026-07-12,IND @ LVA,W,201,109,38,68,0.559,15,31,0.484,18,19,0.947,5,30,35,18,6,1,9,17,34.0
22026,1611661328,SEA,Seattle Storm,1022600172,2026-07-12,SEA @ WAS,L,200,79,30,70,0.429,5,19,0.263,14,18,0.778,16,27,43,12,12,4,19,25,-5.0
22026,1611661327,PDX,Portland Fire,1022600170,2026-07-11,PDX @ ATL,W,200,102,36,60,0.6,14,29,0.483,16,19,0.842,2,24,26,28,7,4,16,26,10.0
22026,1611661319,LVA,Las Vegas Aces,1022600169,2026-07-11,LVA vs. PHX,W,200,106,39,77,0.506,14,35,0.4,14,16,0.875,12,35,47,31,8,2,8,14,48.0
22026,1611661313,NYL,New York Liberty,1022600168,2026-07-11,NYL @ MIN,L,200,85,32,75,0.427,13,38,0.342,8,9,0.889,11,23,34,20,8,2,14,16,-5.0
22026,1611661317,PHX,Phoenix Mercury,1022600169,2026-07-11,PHX @ LVA,L,202,58,23,66,0.348,7,31,0.226,5,8,0.625,3,26,29,14,3,0,17,16,-48.0
22026,1611661324,MIN,Minnesota Lynx,1022600168,2026-07-11,MIN vs. NYL,W,200,90,29,69,0.42,14,28,0.5,18,23,0.783,15,25,40,18,9,3,12,18,5.0
22026,1611661330,ATL,Atlanta Dream,1022600170,2026-07-11,ATL vs. PDX,L,199,92,33,75,0.44,6,30,0.2,20,24,0.833,12,20,32,25,8,3,12,23,-10.0
22026,1611661323,CON,Connecticut Sun,1022600165,2026-07-10,CON vs. GSV,L,200,64,24,58,0.414,4,16,0.25,12,17,0.706,6,17,23,19,10,3,20,20,-15.0
22026,1611661320,LAS,Los Angeles Sparks,1022600167,2026-07-10,LAS vs. CHI,W,201,102,39,76,0.513,14,31,0.452,10,15,0.667,5,27,32,32,11,4,11,20,15.0
22026,1611661331,GSV,Golden State Valkyries,1022600165,2026-07-10,GSV @ CON,W,199,79,31,60,0.517,8,18,0.444,9,13,0.692,9,21,30,19,11,6,15,21,15.0
22026,1611661332,TOR,Toronto Tempo,1022600166,2026-07-10,TOR vs. DAL,L,199,95,35,64,0.547,14,30,0.467,11,14,0.786,4,20,24,24,3,2,12,19,-13.0
22026,1611661329,CHI,Chicago Sky,1022600167,2026-07-10,CHI @ LAS,L,200,87,31,71,0.437,6,25,0.24,19,22,0.864,8,28,36,21,5,3,15,20,-15.0
22026,1611661321,DAL,Dallas Wings,1022600166,2026-07-10,DAL @ TOR,W,199,108,39,74,0.527,11,25,0.44,19,21,0.905,11,21,32,22,5,1,6,17,13.0
22026,1611661325,IND,Indiana Fever,1022600163,2026-07-09,IND @ PHX,W,202,92,35,70,0.5,12,27,0.444,10,10,1.0,6,24,30,18,8,4,10,16,3.0
22026,1611661317,PHX,Phoenix Mercury,1022600163,2026-07-09,PHX vs. IND,L,199,89,35,71,0.493,11,27,0.407,8,10,0.8,4,23,27,23,4,1,11,14,-3.0
22026,1611661327,PDX,Portland Fire,1022600164,2026-07-09,PDX vs. LVA,L,201,80,27,61,0.443,11,32,0.344,15,20,0.75,6,24,30,17,8,3,17,19,-8.0
22026,1611661328,SEA,Seattle Storm,1022600162,2026-07-09,SEA @ ATL,L,200,78,30,66,0.455,3,20,0.15,15,19,0.789,6,29,35,21,6,3,21,20,-11.0
22026,1611661330,ATL,Atlanta Dream,1022600162,2026-07-09,ATL vs. SEA,W,200,89,30,72,0.417,6,26,0.231,23,26,0.885,10,27,37,18,14,4,15,18,11.0
22026,1611661319,LVA,Las Vegas Aces,1022600164,2026-07-09,LVA @ PDX,W,200,88,31,61,0.508,8,20,0.4,18,22,0.818,4,23,27,23,13,5,12,17,8.0
22026,1611661324,MIN,Minnesota Lynx,1022600160,2026-07-08,MIN @ CON,W,198,86,28,60,0.467,10,22,0.455,20,27,0.741,9,24,33,21,8,7,14,20,6.0
22026,1611661332,TOR,Toronto Tempo,1022600159,2026-07-08,TOR vs. GSV,L,200,75,26,54,0.481,6,22,0.273,17,18,0.944,4,19,23,19,6,0,20,20,-8.0
22026,1611661325,IND,Indiana Fever,1022600161,2026-07-08,IND @ LAS,L,201,92,33,77,0.429,11,34,0.324,15,21,0.714,12,29,41,18,8,5,16,22,-14.0
22026,1611661331,GSV,Golden State Valkyries,1022600159,2026-07-08,GSV @ TOR,W,199,83,26,58,0.448,11,30,0.367,20,25,0.8,11,20,31,18,7,3,14,20,8.0
22026,1611661323,CON,Connecticut Sun,1022600160,2026-07-08,CON vs. MIN,L,200,80,26,65,0.4,6,23,0.261,22,27,0.815,10,26,36,20,9,7,18,20,-6.0
22026,1611661320,LAS,Los Angeles Sparks,1022600161,2026-07-08,LAS vs. IND,W,201,106,40,79,0.506,9,20,0.45,17,20,0.85,7,30,37,25,11,0,11,18,14.0
22026,1611661313,NYL,New York Liberty,1022600157,2026-07-07,NYL vs. DAL,L,200,77,26,65,0.4,5,26,0.192,20,22,0.909,7,27,34,16,3,4,14,18,-11.0
22026,1611661329,CHI,Chicago Sky,1022600158,2026-07-07,CHI @ PHX,W,200,77,26,62,0.419,11,27,0.407,14,20,0.7,7,28,35,21,11,5,17,23,11.0
22026,1611661321,DAL,Dallas Wings,1022600157,2026-07-07,DAL @ NYL,W,201,88,35,76,0.461,6,23,0.261,12,12,1.0,10,28,38,29,3,5,9,17,11.0
22026,1611661317,PHX,Phoenix Mercury,1022600158,2026-07-07,PHX vs. CHI,L,199,66,20,54,0.37,7,24,0.292,19,24,0.792,6,25,31,9,11,3,20,19,-11.0
22026,1611661320,LAS,Los Angeles Sparks,1022600156,2026-07-06,LAS vs. SEA,L,200,64,22,65,0.338,5,29,0.172,15,20,0.75,4,31,35,18,7,1,18,13,-18.0
22026,1611661324,MIN,Minnesota Lynx,1022600155,2026-07-06,MIN vs. CON,L,200,89,31,71,0.437,10,30,0.333,17,19,0.895,8,24,32,24,5,7,12,23,-1.0
22026,1611661328,SEA,Seattle Storm,1022600156,2026-07-06,SEA @ LAS,W,200,82,32,75,0.427,10,33,0.303,8,9,0.889,7,37,44,18,14,3,13,20,18.0
22026,1611661322,WAS,Washington Mystics,1022600154,2026-07-06,WAS vs. GSV,L,200,49,18,60,0.3,3,24,0.125,10,15,0.667,10,31,41,14,1,3,14,13,-13.0
22026,1611661331,GSV,Golden State Valkyries,1022600154,2026-07-06,GSV @ WAS,W,200,62,26,74,0.351,6,34,0.176,4,4,1.0,9,21,30,14,10,5,5,16,13.0
22026,1611661323,CON,Connecticut Sun,1022600155,2026-07-06,CON @ MIN,W,200,90,33,66,0.5,7,15,0.467,17,29,0.586,7,25,32,21,11,6,12,20,1.0
22026,1611661321,DAL,Dallas Wings,1022600152,2026-07-05,DAL @ TOR,W,200,89,33,75,0.44,10,28,0.357,13,14,0.929,16,26,42,16,7,6,11,22,13.0
22026,1611661325,IND,Indiana Fever,1022600153,2026-07-05,IND @ LVA,W,200,84,30,70,0.429,9,23,0.391,15,20,0.75,13,26,39,18,5,3,7,20,16.0
22026,1611661319,LVA,Las Vegas Aces,1022600153,2026-07-05,LVA vs. IND,L,199,68,22,55,0.4,4,19,0.211,20,25,0.8,6,24,30,14,5,1,13,17,-16.0
22026,1611661332,TOR,Toronto Tempo,1022600152,2026-07-05,TOR vs. DAL,L,200,76,28,72,0.389,10,29,0.345,10,14,0.714,13,22,35,16,5,3,13,14,-13.0
22026,1611661331,GSV,Golden State Valkyries,1022600150,2026-07-04,GSV @ ATL,W,199,88,31,67,0.463,13,34,0.382,13,17,0.765,8,22,30,19,15,4,14,28,5.0
22026,1611661330,ATL,Atlanta Dream,1022600150,2026-07-04,ATL vs. GSV,L,202,83,26,66,0.394,8,26,0.308,23,33,0.697,12,25,37,18,6,1,17,20,-5.0
22026,1611661328,SEA,Seattle Storm,1022600151,2026-07-04,SEA vs. PDX,L,201,72,24,71,0.338,8,29,0.276,16,18,0.889,6,25,31,16,14,3,14,22,-5.0
22026,1611661327,PDX,Portland Fire,1022600151,2026-07-04,PDX @ SEA,W,200,77,25,68,0.368,4,25,0.16,23,25,0.92,10,37,47,17,9,3,19,19,5.0
22026,1611661313,NYL,New York Liberty,1022600148,2026-07-03,NYL vs. MIN,W,200,99,36,62,0.581,10,25,0.4,17,18,0.944,7,27,34,26,8,6,15,13,13.0
22026,1611661324,MIN,Minnesota Lynx,1022600148,2026-07-03,MIN @ NYL,L,200,86,34,85,0.4,10,31,0.323,8,9,0.889,16,15,31,22,8,1,8,15,-13.0
22026,1611661319,LVA,Las Vegas Aces,1022600149,2026-07-03,LVA vs. CHI,W,224,98,35,69,0.507,4,22,0.182,24,30,0.8,6,28,34,17,10,6,13,19,8.0
22026,1611661329,CHI,Chicago Sky,1022600149,2026-07-03,CHI @ LVA,L,224,90,28,65,0.431,7,20,0.35,27,31,0.871,6,26,32,20,8,4,18,29,-8.0
22026,1611661328,SEA,Seattle Storm,1022600147,2026-07-02,SEA @ PHX,L,199,67,26,62,0.419,8,25,0.32,7,12,0.583,5,24,29,19,5,6,13,17,-23.0
22026,1611661317,PHX,Phoenix Mercury,1022600147,2026-07-02,PHX vs. SEA,W,198,90,33,73,0.452,11,26,0.423,13,19,0.684,13,27,40,23,9,4,10,13,23.0
22026,1611661330,ATL,Atlanta Dream,1022600145,2026-07-02,ATL @ WAS,L,200,76,29,80,0.363,7,31,0.226,11,18,0.611,16,17,33,19,13,3,15,23,-5.0
22026,1611661322,WAS,Washington Mystics,1022600145,2026-07-02,WAS vs. ATL,W,200,81,31,56,0.554,9,16,0.563,10,19,0.526,8,30,38,20,2,3,27,22,5.0
22026,1611661323,CON,Connecticut Sun,1022600146,2026-07-02,CON vs. DAL,L,200,83,29,64,0.453,3,9,0.333,22,35,0.629,11,23,34,16,7,4,14,23,-3.0
22026,1611661321,DAL,Dallas Wings,1022600146,2026-07-02,DAL @ CON,W,202,86,33,68,0.485,9,26,0.346,11,16,0.688,5,26,31,18,4,3,14,25,3.0
22026,1611661327,PDX,Portland Fire,1022600142,2026-06-28,PDX @ WAS,L,300,123,45,101,0.446,14,39,0.359,19,21,0.905,12,32,44,29,12,8,22,39,-1.0
22026,1611661324,MIN,Minnesota Lynx,1022600141,2026-06-28,MIN @ DAL,W,200,85,31,72,0.431,9,23,0.391,14,17,0.824,9,27,36,19,9,5,10,15,8.0
22026,1611661331,GSV,Golden State Valkyries,1022600144,2026-06-28,GSV vs. NYL,W,200,76,28,65,0.431,7,28,0.25,13,18,0.722,7,23,30,20,5,2,8,24,9.0
22026,1611661313,NYL,New York Liberty,1022600144,2026-06-28,NYL @ GSV,L,201,67,21,52,0.404,9,25,0.36,16,21,0.762,4,20,24,14,5,2,11,21,-9.0
22026,1611661319,LVA,Las Vegas Aces,1022600143,2026-06-28,LVA @ CHI,W,201,107,33,63,0.524,10,25,0.4,31,37,0.838,6,26,32,20,9,4,11,21,8.0
22026,1611661329,CHI,Chicago Sky,1022600143,2026-06-28,CHI vs. LVA,L,201,99,37,80,0.463,9,24,0.375,16,25,0.64,11,25,36,27,8,1,11,26,-8.0
22026,1611661322,WAS,Washington Mystics,1022600142,2026-06-28,WAS vs. PDX,W,302,124,42,98,0.429,10,29,0.345,30,41,0.732,12,33,45,32,10,9,17,23,1.0
22026,1611661321,DAL,Dallas Wings,1022600141,2026-06-28,DAL vs. MIN,L,200,77,28,74,0.378,7,23,0.304,14,15,0.933,11,27,38,13,7,3,15,15,-8.0
22026,1611661320,LAS,Los Angeles Sparks,1022600139,2026-06-27,LAS @ IND,L,199,87,33,77,0.429,4,20,0.2,17,21,0.81,5,20,25,21,4,4,9,23,-24.0
22026,1611661328,SEA,Seattle Storm,1022600140,2026-06-27,SEA vs. ATL,W,199,105,38,63,0.603,14,23,0.609,15,20,0.75,8,26,34,27,5,4,17,21,15.0
22026,1611661332,TOR,Toronto Tempo,1022600138,2026-06-27,TOR vs. PHX,L,201,80,31,67,0.463,12,30,0.4,6,12,0.5,4,31,35,26,4,2,12,24,-9.0
22026,1611661325,IND,Indiana Fever,1022600139,2026-06-27,IND vs. LAS,W,200,111,37,67,0.552,10,19,0.526,27,33,0.818,9,32,41,23,6,6,12,24,24.0
22026,1611661317,PHX,Phoenix Mercury,1022600138,2026-06-27,PHX @ TOR,W,200,89,29,67,0.433,10,27,0.37,21,29,0.724,7,25,32,16,10,2,8,16,9.0
22026,1611661330,ATL,Atlanta Dream,1022600140,2026-06-27,ATL @ SEA,L,200,90,30,70,0.429,7,29,0.241,23,26,0.885,6,20,26,22,7,0,13,18,-15.0
22026,1611661327,PDX,Portland Fire,1022600136,2026-06-26,PDX @ CHI,L,200,94,32,79,0.405,9,30,0.3,21,27,0.778,11,13,24,19,10,4,9,23,-30.0
22026,1611661331,GSV,Golden State Valkyries,1022600137,2026-06-26,GSV vs. ATL,W,201,78,27,62,0.435,5,22,0.227,19,25,0.76,6,26,32,14,6,9,18,22,3.0
22026,1611661329,CHI,Chicago Sky,1022600136,2026-06-26,CHI vs. PDX,W,200,124,45,68,0.662,15,28,0.536,19,24,0.792,6,26,32,38,2,9,14,19,30.0
22026,1611661322,WAS,Washington Mystics,1022600135,2026-06-26,WAS @ CON,L,200,57,19,55,0.345,5,18,0.278,14,25,0.56,12,33,45,16,3,4,21,15,-11.0
22026,1611661323,CON,Connecticut Sun,1022600135,2026-06-26,CON vs. WAS,W,200,68,28,68,0.412,5,12,0.417,7,10,0.7,5,22,27,18,12,6,9,20,11.0
22026,1611661330,ATL,Atlanta Dream,1022600137,2026-06-26,ATL @ GSV,L,199,75,23,67,0.343,6,20,0.3,23,27,0.852,7,20,27,10,14,4,14,21,-3.0
22026,1611661320,LAS,Los Angeles Sparks,1022600132,2026-06-25,LAS @ TOR,L,201,97,33,77,0.429,11,38,0.289,20,26,0.769,8,22,30,20,7,2,8,23,-28.0
22026,1611661319,LVA,Las Vegas Aces,1022600133,2026-06-25,LVA vs. DAL,W,201,99,32,60,0.533,8,18,0.444,27,33,0.818,7,28,35,20,5,2,15,20,15.0
22026,1611661328,SEA,Seattle Storm,1022600134,2026-06-25,SEA vs. NYL,W,200,99,39,75,0.52,9,28,0.321,12,15,0.8,13,26,39,18,8,3,15,21,11.0
22026,1611661332,TOR,Toronto Tempo,1022600132,2026-06-25,TOR vs. LAS,W,201,125,41,80,0.513,20,42,0.476,23,27,0.852,15,37,52,26,5,4,10,23,28.0
22026,1611661321,DAL,Dallas Wings,1022600133,2026-06-25,DAL @ LVA,L,201,84,34,70,0.486,2,21,0.095,14,16,0.875,3,21,24,18,7,2,12,25,-15.0
22026,1611661313,NYL,New York Liberty,1022600134,2026-06-25,NYL @ SEA,L,199,88,32,71,0.451,10,36,0.278,14,20,0.7,7,21,28,21,9,3,13,15,-11.0
22026,1611661331,GSV,Golden State Valkyries,1022600131,2026-06-24,GSV vs. ATL,W,199,77,27,60,0.45,15,32,0.469,8,12,0.667,6,26,32,20,5,7,12,20,11.0
22026,1611661330,ATL,Atlanta Dream,1022600131,2026-06-24,ATL @ GSV,L,200,66,25,64,0.391,4,18,0.222,12,22,0.545,12,22,34,16,6,3,11,16,-11.0
22026,1611661325,IND,Indiana Fever,1022600128,2026-06-24,IND vs. PHX,L,200,109,39,66,0.591,13,27,0.481,18,19,0.947,5,21,26,30,6,1,16,29,-2.0
22026,1611661324,MIN,Minnesota Lynx,1022600129,2026-06-24,MIN @ WAS,W,200,78,27,71,0.38,8,30,0.267,16,22,0.727,7,30,37,19,7,6,13,25,2.0
22026,1611661329,CHI,Chicago Sky,1022600130,2026-06-24,CHI vs. PDX,W,200,101,36,69,0.522,6,19,0.316,23,29,0.793,12,26,38,27,6,6,12,18,23.0
22026,1611661317,PHX,Phoenix Mercury,1022600128,2026-06-24,PHX @ IND,W,201,111,39,66,0.591,7,20,0.35,26,33,0.788,6,20,26,21,8,3,10,19,2.0
22026,1611661322,WAS,Washington Mystics,1022600129,2026-06-24,WAS vs. MIN,L,199,76,26,61,0.426,5,16,0.313,19,27,0.704,6,34,40,17,4,2,17,22,-2.0
22026,1611661327,PDX,Portland Fire,1022600130,2026-06-24,PDX @ CHI,L,200,78,26,69,0.377,10,25,0.4,16,20,0.8,8,21,29,20,7,5,11,23,-23.0
22026,1611661313,NYL,New York Liberty,1022600127,2026-06-23,NYL @ LVA,W,200,87,30,65,0.462,13,31,0.419,14,16,0.875,5,29,34,19,3,5,11,12,11.0
22026,1611661319,LVA,Las Vegas Aces,1022600127,2026-06-23,LVA vs. NYL,L,201,76,31,72,0.431,8,27,0.296,6,8,0.75,5,27,32,23,9,4,7,14,-11.0
22026,1611661332,TOR,Toronto Tempo,1022600124,2026-06-22,TOR @ ATL,L,199,87,28,62,0.452,9,28,0.321,22,28,0.786,5,26,31,22,8,6,17,23,-7.0
22026,1611661329,CHI,Chicago Sky,1022600123,2026-06-22,CHI @ CON,L,200,63,17,73,0.233,4,30,0.133,25,32,0.781,11,17,28,10,6,2,13,21,-29.0
22026,1611661325,IND,Indiana Fever,1022600125,2026-06-22,IND vs. PHX,W,199,86,27,64,0.422,10,34,0.294,22,29,0.759,12,27,39,15,6,2,14,23,9.0
22026,1611661330,ATL,Atlanta Dream,1022600124,2026-06-22,ATL vs. TOR,W,200,94,34,78,0.436,9,29,0.31,17,21,0.81,9,23,32,23,8,1,11,26,7.0
22026,1611661321,DAL,Dallas Wings,1022600126,2026-06-22,DAL @ SEA,W,223,112,48,89,0.539,9,24,0.375,7,9,0.778,9,25,34,30,9,2,8,14,2.0
22026,1611661328,SEA,Seattle Storm,1022600126,2026-06-22,SEA vs. DAL,L,227,110,39,77,0.506,13,29,0.448,19,21,0.905,5,29,34,29,5,6,13,12,-2.0
22026,1611661323,CON,Connecticut Sun,1022600123,2026-06-22,CON vs. CHI,W,200,92,34,67,0.507,4,13,0.308,20,26,0.769,10,39,49,21,10,9,16,29,29.0
22026,1611661317,PHX,Phoenix Mercury,1022600125,2026-06-22,PHX @ IND,L,199,77,28,68,0.412,5,25,0.2,16,21,0.762,8,21,29,19,5,2,12,25,-9.0
22026,1611661319,LVA,Las Vegas Aces,1022600120,2026-06-21,LVA vs. GSV,W,201,92,36,58,0.621,11,24,0.458,9,10,0.9,2,23,25,21,5,3,11,18,19.0
22026,1611661320,LAS,Los Angeles Sparks,1022600122,2026-06-21,LAS vs. NYL,W,200,98,40,77,0.519,9,27,0.333,9,12,0.75,7,19,26,28,5,2,9,20,1.0
22026,1611661324,MIN,Minnesota Lynx,1022600121,2026-06-21,MIN vs. WAS,L,201,79,31,71,0.437,4,21,0.19,13,14,0.929,7,20,27,18,11,7,12,25,-5.0
22026,1611661322,WAS,Washington Mystics,1022600121,2026-06-21,WAS @ MIN,W,200,84,28,61,0.459,7,19,0.368,21,29,0.724,8,25,33,20,7,3,16,16,5.0
22026,1611661313,NYL,New York Liberty,1022600122,2026-06-21,NYL @ LAS,L,200,97,34,69,0.493,13,36,0.361,16,19,0.842,9,29,38,23,7,3,16,21,-1.0
22026,1611661331,GSV,Golden State Valkyries,1022600120,2026-06-21,GSV @ LVA,L,200,73,28,67,0.418,5,30,0.167,12,18,0.667,11,20,31,10,7,1,10,15,-19.0
22026,1611661329,CHI,Chicago Sky,1022600119,2026-06-20,CHI @ DAL,L,200,92,33,70,0.471,7,23,0.304,19,29,0.655,13,30,43,22,9,3,15,24,-1.0
22026,1611661325,IND,Indiana Fever,1022600117,2026-06-20,IND @ ATL,L,199,96,33,67,0.493,13,30,0.433,17,21,0.81,4,26,30,20,1,3,19,29,-17.0
22026,1611661317,PHX,Phoenix Mercury,1022600118,2026-06-20,PHX vs. SEA,W,202,93,31,63,0.492,10,29,0.345,21,26,0.808,7,32,39,26,4,8,14,13,20.0
22026,1611661321,DAL,Dallas Wings,1022600119,2026-06-20,DAL vs. CHI,W,201,93,33,73,0.452,10,25,0.4,17,21,0.81,9,26,35,17,7,7,13,23,1.0
22026,1611661330,ATL,Atlanta Dream,1022600117,2026-06-20,ATL vs. IND,W,201,113,40,80,0.5,12,26,0.462,21,31,0.677,12,23,35,25,10,5,8,24,17.0
22026,1611661328,SEA,Seattle Storm,1022600118,2026-06-20,SEA @ PHX,L,201,73,25,70,0.357,8,28,0.286,15,17,0.882,9,20,29,17,7,2,10,24,-20.0
22026,1611661324,MIN,Minnesota Lynx,1022600116,2026-06-19,MIN @ GSV,W,200,81,27,68,0.397,6,13,0.462,21,23,0.913,12,30,42,18,8,9,13,17,6.0
22026,1611661332,TOR,Toronto Tempo,1022600114,2026-06-19,TOR @ CON,W,200,101,37,76,0.487,19,34,0.559,8,9,0.889,10,23,33,27,5,4,15,23,4.0
22026,1611661331,GSV,Golden State Valkyries,1022600116,2026-06-19,GSV vs. MIN,L,199,75,26,74,0.351,12,40,0.3,11,17,0.647,13,25,38,17,8,3,13,16,-6.0
22026,1611661322,WAS,Washington Mystics,1022600115,2026-06-19,WAS @ NYL,W,200,86,30,62,0.484,4,18,0.222,22,32,0.688,8,23,31,20,9,2,11,23,3.0
22026,1611661323,CON,Connecticut Sun,1022600114,2026-06-19,CON vs. TOR,L,201,97,35,76,0.461,6,22,0.273,21,26,0.808,12,23,35,21,9,4,8,13,-4.0
22026,1611661313,NYL,New York Liberty,1022600115,2026-06-19,NYL vs. WAS,L,201,83,29,66,0.439,10,34,0.294,15,20,0.75,5,25,30,20,5,6,14,26,-3.0
22026,1611661330,ATL,Atlanta Dream,1022600113,2026-06-18,ATL @ IND,W,199,108,37,69,0.536,7,18,0.389,27,35,0.771,8,21,29,21,11,3,12,27,7.0
22026,1611661325,IND,Indiana Fever,1022600113,2026-06-18,IND vs. ATL,L,200,101,35,63,0.556,8,17,0.471,23,29,0.793,5,21,26,16,7,3,18,26,-7.0
22026,1611661317,PHX,Phoenix Mercury,1022600111,2026-06-17,PHX vs. LVA,L,199,76,27,57,0.474,9,21,0.429,13,14,0.929,5,25,30,18,5,2,20,19,-10.0
22026,1611661329,CHI,Chicago Sky,1022600108,2026-06-17,CHI vs. NYL,L,201,95,35,71,0.493,12,23,0.522,13,15,0.867,7,21,28,23,10,4,10,22,-1.0
22026,1611661323,CON,Connecticut Sun,1022600107,2026-06-17,CON vs. WAS,L,200,81,31,68,0.456,4,20,0.2,15,23,0.652,7,19,26,16,8,3,5,25,-7.0
22026,1611661320,LAS,Los Angeles Sparks,1022600110,2026-06-17,LAS vs. MIN,L,200,83,25,60,0.417,7,26,0.269,26,32,0.813,5,21,26,20,8,1,18,18,-16.0
22026,1611661331,GSV,Golden State Valkyries,1022600109,2026-06-17,GSV vs. DAL,W,201,91,29,63,0.46,12,25,0.48,21,27,0.778,9,32,41,20,4,3,13,14,11.0
22026,1611661327,PDX,Portland Fire,1022600112,2026-06-17,PDX vs. SEA,W,201,94,27,70,0.386,17,42,0.405,23,27,0.852,14,18,32,20,7,7,12,18,5.0
22026,1611661322,WAS,Washington Mystics,1022600107,2026-06-17,WAS @ CON,W,199,88,26,55,0.473,7,18,0.389,29,30,0.967,4,29,33,18,2,1,13,20,7.0
22026,1611661328,SEA,Seattle Storm,1022600112,2026-06-17,SEA @ PDX,L,199,89,32,67,0.478,9,24,0.375,16,19,0.842,8,23,31,22,5,3,12,18,-5.0
22026,1611661321,DAL,Dallas Wings,1022600109,2026-06-17,DAL @ GSV,L,200,80,30,64,0.469,9,22,0.409,11,16,0.688,2,23,25,19,10,3,8,20,-11.0
22026,1611661313,NYL,New York Liberty,1022600108,2026-06-17,NYL @ CHI,W,200,96,33,66,0.5,9,27,0.333,21,23,0.913,10,24,34,20,7,5,13,12,1.0
22026,1611661319,LVA,Las Vegas Aces,1022600111,2026-06-17,LVA @ PHX,W,202,86,31,68,0.456,5,21,0.238,19,25,0.76,9,20,29,25,18,6,9,13,10.0
22026,1611661324,MIN,Minnesota Lynx,1022600110,2026-06-17,MIN @ LAS,W,201,99,40,72,0.556,9,21,0.429,10,14,0.714,8,26,34,21,11,3,20,27,16.0
22026,1611661332,TOR,Toronto Tempo,1022600106,2026-06-16,TOR @ IND,L,200,91,34,75,0.453,11,25,0.44,12,19,0.632,5,22,27,25,9,1,12,27,-22.0
22026,1611661325,IND,Indiana Fever,1022600106,2026-06-16,IND vs. TOR,W,201,113,36,69,0.522,13,30,0.433,28,33,0.848,10,33,43,25,4,5,16,18,22.0
22026,1611661324,MIN,Minnesota Lynx,1022600104,2026-06-15,MIN vs. PDX,W,200,107,42,77,0.545,10,23,0.435,13,22,0.591,16,24,40,31,14,5,13,14,33.0
22026,1611661327,PDX,Portland Fire,1022600104,2026-06-15,PDX @ MIN,L,201,74,28,69,0.406,10,30,0.333,8,11,0.727,10,17,27,21,7,2,21,24,-33.0
22026,1611661320,LAS,Los Angeles Sparks,1022600105,2026-06-15,LAS @ GSV,L,199,58,20,60,0.333,3,21,0.143,15,20,0.75,8,25,33,16,4,4,15,18,-20.0
22026,1611661319,LVA,Las Vegas Aces,1022600103,2026-06-15,LVA @ DAL,L,200,66,27,68,0.397,5,21,0.238,7,9,0.778,7,24,31,24,5,3,14,18,-30.0
22026,1611661321,DAL,Dallas Wings,1022600103,2026-06-15,DAL vs. LVA,W,200,96,35,71,0.493,10,28,0.357,16,21,0.762,8,33,41,30,10,3,7,14,30.0
22026,1611661331,GSV,Golden State Valkyries,1022600105,2026-06-15,GSV vs. LAS,W,200,78,28,66,0.424,7,21,0.333,15,19,0.789,7,26,33,19,13,4,9,20,20.0
22026,1611661322,WAS,Washington Mystics,1022600101,2026-06-14,WAS @ NYL,L,201,64,24,71,0.338,7,25,0.28,9,16,0.563,12,20,32,17,6,3,16,19,-22.0
22026,1611661330,ATL,Atlanta Dream,1022600102,2026-06-14,ATL @ TOR,W,200,102,36,82,0.439,14,36,0.389,16,20,0.8,14,30,44,22,8,4,8,18,25.0
22026,1611661332,TOR,Toronto Tempo,1022600102,2026-06-14,TOR vs. ATL,L,201,77,28,65,0.431,9,24,0.375,12,16,0.75,5,19,24,23,5,7,15,19,-25.0
22026,1611661313,NYL,New York Liberty,1022600101,2026-06-14,NYL vs. WAS,W,200,86,28,57,0.491,11,26,0.423,19,22,0.864,5,25,30,22,9,10,17,16,22.0
22026,1611661319,LVA,Las Vegas Aces,1022600098,2026-06-13,LVA vs. MIN,W,200,100,36,67,0.537,11,25,0.44,17,19,0.895,11,22,33,24,8,3,11,15,3.0
22026,1611661320,LAS,Los Angeles Sparks,1022600100,2026-06-13,LAS @ PHX,W,226,111,38,79,0.481,15,34,0.441,20,23,0.87,10,27,37,21,8,8,11,19,9.0
22026,1611661327,PDX,Portland Fire,1022600099,2026-06-13,PDX vs. DAL,W,200,84,30,68,0.441,14,31,0.452,10,13,0.769,5,27,32,26,5,5,12,24,1.0
22026,1611661323,CON,Connecticut Sun,1022600097,2026-06-13,CON vs. IND,L,201,75,32,75,0.427,5,17,0.294,6,9,0.667,9,17,26,24,7,4,9,22,-10.0
22026,1611661324,MIN,Minnesota Lynx,1022600098,2026-06-13,MIN @ LVA,L,199,97,36,74,0.486,9,21,0.429,16,18,0.889,11,20,31,16,8,3,10,19,-3.0
22026,1611661325,IND,Indiana Fever,1022600097,2026-06-13,IND @ CON,W,200,85,30,61,0.492,12,29,0.414,13,19,0.684,9,29,38,19,4,5,17,16,10.0
22026,1611661321,DAL,Dallas Wings,1022600099,2026-06-13,DAL @ PDX,L,201,83,29,74,0.392,7,28,0.25,18,26,0.692,12,29,41,18,7,4,10,15,-1.0
22026,1611661317,PHX,Phoenix Mercury,1022600100,2026-06-13,PHX vs. LAS,L,227,102,40,80,0.5,13,35,0.371,9,15,0.6,9,29,38,26,6,5,15,23,-9.0
22026,1611661322,WAS,Washington Mystics,1022600095,2026-06-12,WAS vs. TOR,W,200,86,31,65,0.477,2,18,0.111,22,26,0.846,15,24,39,22,8,2,22,14,1.0
22026,1611661332,TOR,Toronto Tempo,1022600095,2026-06-12,TOR @ WAS,L,201,85,31,64,0.484,7,22,0.318,16,18,0.889,5,16,21,23,18,5,17,24,-1.0
22026,1611661331,GSV,Golden State Valkyries,1022600096,2026-06-12,GSV @ SEA,W,200,76,24,66,0.364,8,37,0.216,20,23,0.87,10,23,33,18,6,6,13,18,4.0
22026,1611661328,SEA,Seattle Storm,1022600096,2026-06-12,SEA vs. GSV,L,203,72,25,66,0.379,10,23,0.435,12,18,0.667,6,25,31,17,6,5,11,23,-4.0
22026,1611661330,ATL,Atlanta Dream,1022600092,2026-06-11,ATL vs. NYL,L,201,90,33,75,0.44,9,29,0.31,15,27,0.556,9,15,24,22,11,2,5,21,-14.0
22026,1611661319,LVA,Las Vegas Aces,1022600094,2026-06-11,LVA @ PDX,W,200,105,36,72,0.5,14,28,0.5,19,29,0.655,17,25,42,25,6,4,14,15,16.0
22026,1611661321,DAL,Dallas Wings,1022600093,2026-06-11,DAL vs. PHX,W,199,85,37,71,0.521,4,18,0.222,7,8,0.875,7,30,37,24,9,4,16,17,15.0
22026,1611661327,PDX,Portland Fire,1022600094,2026-06-11,PDX vs. LVA,L,201,89,36,68,0.529,8,26,0.308,9,12,0.75,1,18,19,22,7,3,9,25,-16.0
22026,1611661313,NYL,New York Liberty,1022600092,2026-06-11,NYL @ ATL,W,200,104,32,59,0.542,16,31,0.516,24,28,0.857,7,33,40,24,2,4,19,22,14.0
22026,1611661317,PHX,Phoenix Mercury,1022600093,2026-06-11,PHX @ DAL,L,200,70,25,64,0.391,6,18,0.333,14,18,0.778,7,23,30,21,10,1,16,15,-15.0
22026,1611661325,IND,Indiana Fever,1022600091,2026-06-11,IND vs. CHI,W,225,114,39,87,0.448,7,28,0.25,29,31,0.935,19,27,46,22,8,6,15,27,8.0
22026,1611661329,CHI,Chicago Sky,1022600091,2026-06-11,CHI @ IND,L,226,106,34,77,0.442,7,24,0.292,31,38,0.816,13,21,34,22,6,7,16,25,-8.0
22026,1611661332,TOR,Toronto Tempo,1022600089,2026-06-10,TOR vs. CON,W,226,106,31,69,0.449,8,24,0.333,36,43,0.837,11,17,28,18,12,3,11,32,4.0
22026,1611661323,CON,Connecticut Sun,1022600089,2026-06-10,CON @ TOR,L,223,102,34,74,0.459,9,25,0.36,25,37,0.676,18,24,42,21,3,6,18,29,-4.0
22026,1611661320,LAS,Los Angeles Sparks,1022600090,2026-06-10,LAS @ SEA,W,199,88,29,75,0.387,9,35,0.257,21,25,0.84,13,25,38,20,10,4,9,17,5.0
22026,1611661328,SEA,Seattle Storm,1022600090,2026-06-10,SEA vs. LAS,L,200,83,30,64,0.469,9,29,0.31,14,16,0.875,5,30,35,26,5,4,15,21,-5.0
22026,1611661330,ATL,Atlanta Dream,1022600086,2026-06-09,ATL @ CHI,W,201,82,31,70,0.443,5,26,0.192,15,16,0.938,12,24,36,18,9,0,16,15,7.0
22026,1611661329,CHI,Chicago Sky,1022600086,2026-06-09,CHI vs. ATL,L,201,75,24,53,0.453,8,15,0.533,19,25,0.76,4,21,25,17,6,7,15,21,-7.0
22026,1611661317,PHX,Phoenix Mercury,1022600088,2026-06-09,PHX @ GSV,L,199,81,30,65,0.462,9,25,0.36,12,18,0.667,9,24,33,23,7,2,12,20,-6.0
22026,1611661331,GSV,Golden State Valkyries,1022600088,2026-06-09,GSV vs. PHX,W,200,87,27,61,0.443,10,29,0.345,23,28,0.821,6,21,27,18,8,2,9,21,6.0
22026,1611661321,DAL,Dallas Wings,1022600087,2026-06-09,DAL @ MIN,L,200,76,29,77,0.377,8,28,0.286,10,10,1.0,8,23,31,19,9,3,12,18,-24.0
22026,1611661324,MIN,Minnesota Lynx,1022600087,2026-06-09,MIN vs. DAL,W,201,100,38,71,0.535,7,14,0.5,17,18,0.944,6,35,41,21,9,3,12,11,24.0
22026,1611661328,SEA,Seattle Storm,1022600085,2026-06-08,SEA @ LVA,L,200,91,33,74,0.446,12,27,0.444,13,15,0.867,6,21,27,22,10,1,9,23,-10.0
22026,1611661313,NYL,New York Liberty,1022600083,2026-06-08,NYL @ CON,W,198,89,29,61,0.475,6,22,0.273,25,29,0.862,9,33,42,17,4,4,19,24,9.0
22026,1611661322,WAS,Washington Mystics,1022600084,2026-06-08,WAS vs. IND,L,200,76,25,58,0.431,9,18,0.5,17,24,0.708,5,26,31,21,5,6,15,23,-2.0
22026,1611661323,CON,Connecticut Sun,1022600083,2026-06-08,CON vs. NYL,L,200,80,32,70,0.457,3,13,0.231,13,23,0.565,7,21,28,21,8,3,10,28,-9.0
22026,1611661325,IND,Indiana Fever,1022600084,2026-06-08,IND @ WAS,W,200,78,29,66,0.439,10,29,0.345,10,14,0.714,3,25,28,19,8,4,17,26,2.0
22026,1611661319,LVA,Las Vegas Aces,1022600085,2026-06-08,LVA vs. SEA,W,200,101,35,70,0.5,10,28,0.357,21,24,0.875,11,28,39,27,4,5,12,13,10.0
22026,1611661327,PDX,Portland Fire,1022600082,2026-06-07,PDX @ LAS,L,201,72,26,72,0.361,3,28,0.107,17,22,0.773,14,28,42,19,5,5,15,21,-17.0
22026,1611661332,TOR,Toronto Tempo,1022600081,2026-06-07,TOR vs. CHI,W,198,85,30,77,0.39,4,22,0.182,21,27,0.778,11,33,44,19,7,4,9,22,17.0
22026,1611661320,LAS,Los Angeles Sparks,1022600082,2026-06-07,LAS vs. PDX,W,201,89,32,75,0.427,8,30,0.267,17,22,0.773,15,27,42,17,11,4,12,22,17.0
22026,1611661329,CHI,Chicago Sky,1022600081,2026-06-07,CHI @ TOR,L,201,68,23,65,0.354,6,25,0.24,16,26,0.615,7,30,37,15,4,5,16,24,-17.0
22026,1611661313,NYL,New York Liberty,1022600080,2026-06-06,NYL vs. IND,W,200,83,24,66,0.364,2,18,0.111,33,40,0.825,13,34,47,14,9,2,11,19,8.0
22026,1611661324,MIN,Minnesota Lynx,1022600077,2026-06-06,MIN vs. SEA,W,200,88,37,77,0.481,8,27,0.296,6,8,0.75,13,23,36,27,13,4,12,16,20.0
22026,1611661325,IND,Indiana Fever,1022600080,2026-06-06,IND @ NYL,L,199,75,29,72,0.403,8,25,0.32,9,15,0.6,9,32,41,20,4,5,14,27,-8.0
22026,1611661322,WAS,Washington Mystics,1022600079,2026-06-06,WAS @ ATL,L,199,77,26,58,0.448,5,16,0.313,20,27,0.741,8,18,26,17,4,4,17,26,-32.0
22026,1611661328,SEA,Seattle Storm,1022600077,2026-06-06,SEA @ MIN,L,199,68,22,63,0.349,11,36,0.306,13,16,0.813,10,25,35,16,7,1,21,12,-20.0
22026,1611661330,ATL,Atlanta Dream,1022600079,2026-06-06,ATL vs. WAS,W,201,109,32,66,0.485,13,25,0.52,32,41,0.78,16,26,42,21,16,4,11,26,32.0
22026,1611661319,LVA,Las Vegas Aces,1022600078,2026-06-06,LVA vs. GSV,W,199,84,27,63,0.429,13,30,0.433,17,22,0.773,6,30,36,22,3,2,11,19,5.0
22026,1611661331,GSV,Golden State Valkyries,1022600078,2026-06-06,GSV @ LVA,L,200,79,28,72,0.389,11,35,0.314,12,17,0.706,10,28,38,14,4,1,9,19,-5.0
22026,1611661323,CON,Connecticut Sun,1022600074,2026-06-05,CON @ CHI,L,202,80,30,71,0.423,4,18,0.222,16,21,0.762,14,26,40,19,6,7,15,21,-5.0
22026,1611661317,PHX,Phoenix Mercury,1022600076,2026-06-05,PHX @ PDX,W,202,78,26,62,0.419,7,21,0.333,19,22,0.864,7,17,24,21,10,5,12,19,6.0
22026,1611661321,DAL,Dallas Wings,1022600075,2026-06-05,DAL @ LAS,W,200,104,41,77,0.532,10,25,0.4,12,18,0.667,13,20,33,30,10,2,12,18,8.0
22026,1611661327,PDX,Portland Fire,1022600076,2026-06-05,PDX vs. PHX,L,200,72,24,57,0.421,10,26,0.385,14,17,0.824,8,24,32,18,3,2,20,19,-6.0
22026,1611661329,CHI,Chicago Sky,1022600074,2026-06-05,CHI vs. CON,W,200,85,31,67,0.463,6,16,0.375,17,22,0.773,7,21,28,21,9,7,12,22,5.0
22026,1611661320,LAS,Los Angeles Sparks,1022600075,2026-06-05,LAS vs. DAL,L,200,96,36,67,0.537,9,28,0.321,15,21,0.714,8,22,30,25,5,2,17,16,-8.0
22026,1611661330,ATL,Atlanta Dream,1022600072,2026-06-04,ATL @ IND,L,199,71,23,67,0.343,6,21,0.286,19,24,0.792,9,21,30,14,9,3,11,19,-12.0
22026,1611661331,GSV,Golden State Valkyries,1022600073,2026-06-04,GSV @ MIN,L,200,84,30,76,0.395,14,37,0.378,10,10,1.0,9,22,31,21,6,7,7,18,-3.0
22026,1611661325,IND,Indiana Fever,1022600072,2026-06-04,IND vs. ATL,W,200,83,30,63,0.476,11,25,0.44,12,15,0.8,6,29,35,16,6,7,14,22,12.0
22026,1611661324,MIN,Minnesota Lynx,1022600073,2026-06-04,MIN vs. GSV,W,199,87,29,73,0.397,13,26,0.5,16,19,0.842,14,29,43,18,4,7,12,15,3.0
22026,1611661317,PHX,Phoenix Mercury,1022600071,2026-06-03,PHX @ SEA,W,201,72,24,64,0.375,3,22,0.136,21,27,0.778,10,34,44,17,11,6,13,15,4.0
22026,1611661332,TOR,Toronto Tempo,1022600070,2026-06-03,TOR @ NYL,L,200,82,34,75,0.453,6,19,0.316,8,10,0.8,8,24,32,17,7,3,7,17,-15.0
22026,1611661328,SEA,Seattle Storm,1022600071,2026-06-03,SEA vs. PHX,L,201,68,28,73,0.384,9,33,0.273,3,5,0.6,4,30,34,17,10,5,14,18,-4.0
22026,1611661313,NYL,New York Liberty,1022600070,2026-06-03,NYL vs. TOR,W,201,97,33,71,0.465,14,32,0.438,17,20,0.85,11,29,40,24,3,4,10,13,15.0
22026,1611661330,ATL,Atlanta Dream,1022600066,2026-06-02,ATL vs. CON,W,200,91,32,68,0.471,14,37,0.378,13,18,0.722,9,26,35,22,10,1,13,20,16.0
22026,1611661329,CHI,Chicago Sky,1022600067,2026-06-02,CHI @ WAS,L,201,72,28,64,0.438,6,16,0.375,10,16,0.625,5,24,29,19,9,10,18,22,-18.0
22026,1611661331,GSV,Golden State Valkyries,1022600068,2026-06-02,GSV vs. PDX,W,200,95,32,69,0.464,18,40,0.45,13,18,0.722,9,19,28,25,9,4,7,16,18.0
22026,1611661320,LAS,Los Angeles Sparks,1022600069,2026-06-02,LAS vs. LVA,L,199,69,20,65,0.308,6,23,0.261,23,27,0.852,8,30,38,13,4,4,11,16,-10.0
22026,1611661319,LVA,Las Vegas Aces,1022600069,2026-06-02,LVA @ LAS,W,201,79,31,69,0.449,8,24,0.333,9,16,0.563,8,36,44,24,7,8,10,23,10.0
22026,1611661322,WAS,Washington Mystics,1022600067,2026-06-02,WAS vs. CHI,W,199,90,32,73,0.438,6,17,0.353,20,32,0.625,17,29,46,18,11,2,16,16,18.0
22026,1611661323,CON,Connecticut Sun,1022600066,2026-06-02,CON @ ATL,L,202,75,26,55,0.473,4,17,0.235,19,29,0.655,3,25,28,17,8,5,14,18,-16.0
22026,1611661327,PDX,Portland Fire,1022600068,2026-06-02,PDX @ GSV,L,201,77,28,61,0.459,9,24,0.375,12,16,0.75,8,20,28,19,3,2,15,18,-18.0
22026,1611661328,SEA,Seattle Storm,1022600064,2026-06-01,SEA @ DAL,L,201,56,20,61,0.328,4,19,0.211,12,17,0.706,6,30,36,11,6,7,17,22,-23.0
22026,1611661321,DAL,Dallas Wings,1022600064,2026-06-01,DAL vs. SEA,W,199,79,29,81,0.358,5,25,0.2,16,24,0.667,18,30,48,19,7,1,8,15,23.0
22026,1611661324,MIN,Minnesota Lynx,1022600065,2026-06-01,MIN @ PHX,W,200,111,44,69,0.638,10,17,0.588,13,13,1.0,8,27,35,28,10,5,11,22,34.0
22026,1611661317,PHX,Phoenix Mercury,1022600065,2026-06-01,PHX vs. MIN,L,199,77,22,64,0.344,10,27,0.37,23,27,0.852,11,13,24,18,6,0,14,12,-34.0
22026,1611661331,GSV,Golden State Valkyries,1022600063,2026-05-31,GSV vs. LVA,L,200,81,25,74,0.338,16,35,0.457,15,17,0.882,9,24,33,16,9,0,12,21,-10.0
22026,1611661319,LVA,Las Vegas Aces,1022600063,2026-05-31,LVA @ GSV,W,199,91,33,69,0.478,8,22,0.364,17,21,0.81,12,33,45,26,5,8,15,18,10.0
22026,1611661328,SEA,Seattle Storm,1022600060,2026-05-30,SEA @ TOR,L,200,72,29,71,0.408,7,27,0.259,7,8,0.875,9,23,32,21,7,4,17,20,-21.0
22026,1611661327,PDX,Portland Fire,1022600062,2026-05-30,PDX vs. IND,W,199,100,36,70,0.514,9,23,0.391,19,20,0.95,8,17,25,26,8,5,11,26,16.0
22026,1611661332,TOR,Toronto Tempo,1022600060,2026-05-30,TOR vs. SEA,W,200,93,26,59,0.441,10,29,0.345,31,33,0.939,6,28,34,14,12,1,12,13,21.0
22026,1611661325,IND,Indiana Fever,1022600062,2026-05-30,IND @ PDX,L,201,84,24,58,0.414,5,22,0.227,31,35,0.886,9,17,26,21,6,3,17,24,-16.0
22026,1611661320,LAS,Los Angeles Sparks,1022600061,2026-05-30,LAS @ CON,L,201,81,27,66,0.409,8,25,0.32,19,26,0.731,11,18,29,16,9,7,16,24,-3.0
22026,1611661323,CON,Connecticut Sun,1022600061,2026-05-30,CON vs. LAS,W,199,84,28,67,0.418,6,22,0.273,22,31,0.71,12,25,37,18,11,9,16,29,3.0
22026,1611661330,ATL,Atlanta Dream,1022600059,2026-05-29,ATL @ PDX,W,200,86,30,68,0.441,9,30,0.3,17,20,0.85,12,17,29,22,16,1,15,14,20.0
22026,1611661313,NYL,New York Liberty,1022600056,2026-05-29,NYL vs. PHX,W,200,75,26,60,0.433,8,25,0.32,15,17,0.882,7,33,40,18,5,5,16,21,7.0
22026,1611661329,CHI,Chicago Sky,1022600058,2026-05-29,CHI vs. MIN,L,200,58,20,70,0.286,5,30,0.167,13,18,0.722,9,32,41,15,6,6,17,19,-21.0
22026,1611661324,MIN,Minnesota Lynx,1022600058,2026-05-29,MIN @ CHI,W,200,79,28,71,0.394,8,28,0.286,15,18,0.833,6,37,43,20,13,7,14,17,21.0
22026,1611661320,LAS,Los Angeles Sparks,1022600057,2026-05-29,LAS @ WAS,W,200,92,33,66,0.5,6,20,0.3,20,28,0.714,9,20,29,23,8,2,14,24,5.0
22026,1611661327,PDX,Portland Fire,1022600059,2026-05-29,PDX vs. ATL,L,201,66,25,56,0.446,9,27,0.333,7,8,0.875,6,17,23,18,4,4,28,22,-20.0
22026,1611661317,PHX,Phoenix Mercury,1022600056,2026-05-29,PHX @ NYL,L,200,68,21,62,0.339,6,24,0.25,20,22,0.909,3,20,23,14,11,3,9,20,-7.0
22026,1611661322,WAS,Washington Mystics,1022600057,2026-05-29,WAS vs. LAS,L,199,87,31,61,0.508,5,22,0.227,20,29,0.69,7,24,31,26,4,4,15,27,-5.0
22026,1611661325,IND,Indiana Fever,1022600055,2026-05-28,IND @ GSV,L,200,88,30,73,0.411,9,28,0.321,19,21,0.905,7,27,34,22,7,5,11,25,-2.0
22026,1611661319,LVA,Las Vegas Aces,1022600054,2026-05-28,LVA @ DAL,L,200,87,36,82,0.439,8,20,0.4,7,12,0.583,8,25,33,21,5,3,5,15,-8.0
22026,1611661321,DAL,Dallas Wings,1022600054,2026-05-28,DAL vs. LVA,W,200,95,33,67,0.493,10,22,0.455,19,22,0.864,8,31,39,23,1,5,10,16,8.0
22026,1611661331,GSV,Golden State Valkyries,1022600055,2026-05-28,GSV vs. IND,W,200,90,31,68,0.456,8,21,0.381,20,28,0.714,8,29,37,24,5,11,11,21,2.0
22026,1611661317,PHX,Phoenix Mercury,1022600049,2026-05-27,PHX @ NYL,L,200,74,25,59,0.424,10,30,0.333,14,22,0.636,7,25,32,19,7,5,16,21,-10.0
22026,1611661328,SEA,Seattle Storm,1022600053,2026-05-27,SEA vs. WAS,L,200,64,22,63,0.349,5,23,0.217,15,19,0.789,12,19,31,14,7,3,11,21,-14.0
22026,1611661324,MIN,Minnesota Lynx,1022600051,2026-05-27,MIN vs. ATL,W,201,96,40,67,0.597,7,19,0.368,9,10,0.9,5,19,24,26,10,2,14,16,15.0
22026,1611661330,ATL,Atlanta Dream,1022600051,2026-05-27,ATL @ MIN,L,200,81,29,65,0.446,11,31,0.355,12,16,0.75,10,17,27,23,5,2,16,10,-15.0
22026,1611661332,TOR,Toronto Tempo,1022600050,2026-05-27,TOR @ CHI,W,200,111,37,66,0.561,12,26,0.462,25,30,0.833,10,27,37,22,6,4,13,25,7.0
22026,1611661322,WAS,Washington Mystics,1022600053,2026-05-27,WAS @ SEA,W,200,78,28,66,0.424,7,21,0.333,15,16,0.938,13,27,40,19,4,2,12,22,14.0
22026,1611661313,NYL,New York Liberty,1022600049,2026-05-27,NYL vs. PHX,W,201,84,28,67,0.418,14,30,0.467,14,14,1.0,6,26,32,19,9,2,11,20,10.0
22026,1611661329,CHI,Chicago Sky,1022600050,2026-05-27,CHI vs. TOR,L,200,104,36,75,0.48,7,31,0.226,25,29,0.862,9,18,27,31,7,3,9,24,-7.0
22026,1611661327,PDX,Portland Fire,1022600052,2026-05-27,PDX vs. CON,W,201,71,24,52,0.462,7,22,0.318,16,24,0.667,6,20,26,16,10,3,19,21,10.0
22026,1611661323,CON,Connecticut Sun,1022600052,2026-05-27,CON @ PDX,L,200,61,24,62,0.387,1,21,0.048,12,22,0.545,14,19,33,17,9,3,17,22,-10.0
22026,1611661331,GSV,Golden State Valkyries,1022600048,2026-05-25,GSV vs. CON,W,200,97,34,73,0.466,13,33,0.394,16,23,0.696,11,24,35,24,7,2,12,25,27.0
22026,1611661313,NYL,New York Liberty,1022600047,2026-05-25,NYL vs. PDX,L,201,74,21,52,0.404,8,24,0.333,24,26,0.923,4,23,27,17,8,8,19,20,-7.0
22026,1611661323,CON,Connecticut Sun,1022600048,2026-05-25,CON @ GSV,L,201,70,22,57,0.386,6,18,0.333,20,28,0.714,8,24,32,13,10,4,18,26,-27.0
22026,1611661327,PDX,Portland Fire,1022600047,2026-05-25,PDX @ NYL,W,200,81,31,75,0.413,9,26,0.346,10,14,0.714,8,21,29,18,12,6,12,22,7.0
22026,1611661322,WAS,Washington Mystics,1022600046,2026-05-24,WAS @ SEA,L,200,85,23,57,0.404,4,20,0.2,35,41,0.854,6,20,26,14,9,5,13,26,-12.0
22026,1611661313,NYL,New York Liberty,1022600045,2026-05-24,NYL vs. DAL,L,199,76,28,72,0.389,8,26,0.308,12,14,0.857,10,24,34,21,4,0,9,18,-15.0
22026,1611661317,PHX,Phoenix Mercury,1022600044,2026-05-24,PHX @ ATL,L,200,80,29,66,0.439,4,21,0.19,18,19,0.947,9,27,36,14,8,6,15,19,-2.0
22026,1611661330,ATL,Atlanta Dream,1022600044,2026-05-24,ATL vs. PHX,W,201,82,30,68,0.441,11,26,0.423,11,21,0.524,12,26,38,22,9,3,14,16,2.0
22026,1611661321,DAL,Dallas Wings,1022600045,2026-05-24,DAL @ NYL,W,199,91,30,65,0.462,15,35,0.429,16,19,0.842,6,28,34,22,6,5,8,16,15.0
22026,1611661328,SEA,Seattle Storm,1022600046,2026-05-24,SEA vs. WAS,W,201,97,26,59,0.441,13,28,0.464,32,34,0.941,3,21,24,20,10,3,14,28,12.0
22026,1611661319,LVA,Las Vegas Aces,1022600043,2026-05-23,LVA vs. LAS,L,198,95,34,76,0.447,10,29,0.345,17,21,0.81,13,23,36,21,6,9,14,20,-6.0
22026,1611661327,PDX,Portland Fire,1022600042,2026-05-23,PDX @ TOR,W,200,99,35,70,0.5,11,23,0.478,18,21,0.857,10,23,33,24,7,7,14,22,19.0
22026,1611661332,TOR,Toronto Tempo,1022600042,2026-05-23,TOR vs. PDX,L,200,80,30,66,0.455,6,25,0.24,14,18,0.778,10,19,29,19,3,4,17,21,-19.0
22026,1611661320,LAS,Los Angeles Sparks,1022600043,2026-05-23,LAS @ LVA,W,200,101,37,67,0.552,14,29,0.483,13,15,0.867,4,26,30,26,8,1,17,24,6.0
22026,1611661324,MIN,Minnesota Lynx,1022600041,2026-05-23,MIN @ CHI,W,199,85,32,74,0.432,4,16,0.25,17,21,0.81,13,41,54,19,7,7,19,24,10.0
22026,1611661329,CHI,Chicago Sky,1022600041,2026-05-23,CHI vs. MIN,L,200,75,23,73,0.315,6,29,0.207,23,30,0.767,7,21,28,14,11,2,11,22,-10.0
22026,1611661321,DAL,Dallas Wings,1022600038,2026-05-22,DAL @ ATL,L,200,69,28,74,0.378,7,28,0.25,6,12,0.5,10,16,26,21,9,8,14,18,-17.0
22026,1611661323,CON,Connecticut Sun,1022600040,2026-05-22,CON @ SEA,L,199,59,23,62,0.371,4,17,0.235,9,14,0.643,8,25,33,15,9,3,12,18,-18.0
22026,1611661331,GSV,Golden State Valkyries,1022600039,2026-05-22,GSV @ IND,L,201,82,26,70,0.371,7,22,0.318,23,27,0.852,10,18,28,11,9,3,14,24,-8.0
22026,1611661330,ATL,Atlanta Dream,1022600038,2026-05-22,ATL vs. DAL,W,199,86,34,62,0.548,6,15,0.4,12,13,0.923,5,30,35,22,6,4,17,12,17.0
22026,1611661328,SEA,Seattle Storm,1022600040,2026-05-22,SEA vs. CON,W,199,77,28,60,0.467,8,21,0.381,13,17,0.765,6,32,38,22,7,7,15,18,18.0
22026,1611661325,IND,Indiana Fever,1022600039,2026-05-22,IND vs. GSV,W,199,90,29,63,0.46,10,26,0.385,22,29,0.759,8,26,34,22,7,2,18,26,8.0
22026,1611661320,LAS,Los Angeles Sparks,1022600037,2026-05-21,LAS @ PHX,W,200,97,31,64,0.484,15,32,0.469,20,22,0.909,7,24,31,23,8,4,17,25,9.0
22026,1611661331,GSV,Golden State Valkyries,1022600035,2026-05-21,GSV @ NYL,W,198,87,28,71,0.394,13,35,0.371,18,25,0.72,9,27,36,18,5,3,5,17,17.0
22026,1611661317,PHX,Phoenix Mercury,1022600037,2026-05-21,PHX vs. LAS,L,200,88,29,69,0.42,8,25,0.32,22,29,0.759,11,22,33,17,9,2,13,24,-9.0
22026,1611661313,NYL,New York Liberty,1022600035,2026-05-21,NYL vs. GSV,L,199,70,26,62,0.419,6,24,0.25,12,16,0.75,6,31,37,20,2,4,14,22,-17.0
22026,1611661332,TOR,Toronto Tempo,1022600036,2026-05-21,TOR @ MIN,L,199,72,24,71,0.338,12,41,0.293,12,14,0.857,9,16,25,19,5,3,13,23,-28.0
22026,1611661324,MIN,Minnesota Lynx,1022600036,2026-05-21,MIN vs. TOR,W,200,100,38,69,0.551,10,24,0.417,14,21,0.667,15,31,46,24,7,3,14,14,28.0
22026,1611661328,SEA,Seattle Storm,1022600034,2026-05-20,SEA vs. CON,L,200,78,25,63,0.397,6,23,0.261,22,25,0.88,5,21,26,15,8,6,14,15,-2.0
22026,1611661327,PDX,Portland Fire,1022600032,2026-05-20,PDX @ IND,L,201,73,27,62,0.435,3,16,0.188,16,17,0.941,3,25,28,9,8,3,12,26,-17.0
22026,1611661329,CHI,Chicago Sky,1022600033,2026-05-20,CHI vs. DAL,L,200,89,32,67,0.478,5,21,0.238,20,24,0.833,6,24,30,20,4,5,9,23,-10.0
22026,1611661323,CON,Connecticut Sun,1022600034,2026-05-20,CON @ SEA,W,200,80,32,72,0.444,5,20,0.25,11,17,0.647,11,27,38,14,10,3,11,19,2.0
22026,1611661325,IND,Indiana Fever,1022600032,2026-05-20,IND vs. PDX,W,199,90,28,62,0.452,9,28,0.321,25,29,0.862,5,31,36,21,6,5,14,21,17.0
22026,1611661321,DAL,Dallas Wings,1022600033,2026-05-20,DAL @ CHI,W,199,99,36,72,0.5,9,21,0.429,18,23,0.783,9,27,36,28,5,1,8,20,10.0
22026,1611661332,TOR,Toronto Tempo,1022600031,2026-05-19,TOR @ PHX,W,200,98,34,74,0.459,15,36,0.417,15,18,0.833,8,27,35,15,4,2,11,26,8.0
22026,1611661317,PHX,Phoenix Mercury,1022600031,2026-05-19,PHX vs. TOR,L,199,90,32,70,0.457,4,22,0.182,22,28,0.786,8,24,32,20,6,1,9,17,-8.0
22026,1611661323,CON,Connecticut Sun,1022600030,2026-05-18,CON @ PDX,L,200,82,32,63,0.508,7,20,0.35,11,20,0.55,10,22,32,23,9,6,17,25,-1.0
22026,1611661321,DAL,Dallas Wings,1022600029,2026-05-18,DAL vs. WAS,W,199,92,33,70,0.471,11,24,0.458,15,17,0.882,11,20,31,30,10,1,8,20,23.0
22026,1611661327,PDX,Portland Fire,1022600030,2026-05-18,PDX vs. CON,W,200,83,28,62,0.452,7,22,0.318,20,26,0.769,7,20,27,23,11,3,15,23,1.0
22026,1611661322,WAS,Washington Mystics,1022600029,2026-05-18,WAS @ DAL,L,199,69,24,49,0.49,5,12,0.417,16,20,0.8,2,22,24,16,3,1,18,17,-23.0
22026,1611661332,TOR,Toronto Tempo,1022600028,2026-05-17,TOR @ LAS,W,200,106,29,61,0.475,9,24,0.375,39,42,0.929,9,16,25,17,8,3,12,27,10.0
22026,1611661328,SEA,Seattle Storm,1022600027,2026-05-17,SEA @ IND,L,200,78,25,71,0.352,6,23,0.261,22,27,0.815,3,21,24,17,9,8,8,22,-11.0
22026,1611661324,MIN,Minnesota Lynx,1022600025,2026-05-17,MIN vs. CHI,L,200,79,32,73,0.438,7,22,0.318,8,12,0.667,8,27,35,20,10,3,15,21,-7.0
22026,1611661325,IND,Indiana Fever,1022600027,2026-05-17,IND vs. SEA,W,200,89,31,67,0.463,5,21,0.238,22,22,1.0,7,31,38,22,5,6,17,23,11.0
22026,1611661319,LVA,Las Vegas Aces,1022600026,2026-05-17,LVA @ ATL,W,199,85,31,73,0.425,10,27,0.37,13,17,0.765,6,32,38,21,5,8,13,23,1.0
22026,1611661330,ATL,Atlanta Dream,1022600026,2026-05-17,ATL vs. LVA,L,199,84,27,73,0.37,5,23,0.217,25,37,0.676,11,34,45,15,9,5,13,23,-1.0
22026,1611661320,LAS,Los Angeles Sparks,1022600028,2026-05-17,LAS vs. TOR,L,200,96,33,64,0.516,7,23,0.304,23,30,0.767,9,17,26,26,6,3,13,32,-10.0
22026,1611661329,CHI,Chicago Sky,1022600025,2026-05-17,CHI @ MIN,W,201,86,30,67,0.448,6,20,0.3,20,25,0.8,9,30,39,17,7,4,14,16,7.0
22026,1611661325,IND,Indiana Fever,1022600022,2026-05-15,IND vs. WAS,L,225,102,36,92,0.391,17,42,0.405,13,19,0.684,11,18,29,23,13,4,11,25,-2.0
22026,1611661319,LVA,Las Vegas Aces,1022600021,2026-05-15,LVA @ CON,W,199,101,35,58,0.603,6,13,0.462,25,32,0.781,3,25,28,24,6,6,17,18,7.0
22026,1611661332,TOR,Toronto Tempo,1022600023,2026-05-15,TOR @ LAS,L,200,95,31,70,0.443,12,33,0.364,21,22,0.955,10,16,26,22,13,4,13,24,-4.0
22026,1611661317,PHX,Phoenix Mercury,1022600024,2026-05-15,PHX vs. CHI,W,200,91,24,62,0.387,6,21,0.286,37,41,0.902,10,30,40,12,5,7,15,22,8.0
22026,1611661322,WAS,Washington Mystics,1022600022,2026-05-15,WAS @ IND,W,225,104,38,68,0.559,6,16,0.375,22,28,0.786,8,36,44,18,3,8,20,28,2.0
22026,1611661323,CON,Connecticut Sun,1022600021,2026-05-15,CON vs. LVA,L,200,94,36,81,0.444,9,25,0.36,13,15,0.867,11,21,32,24,11,2,13,25,-7.0
22026,1611661329,CHI,Chicago Sky,1022600024,2026-05-15,CHI @ PHX,L,201,83,29,68,0.426,6,22,0.273,19,26,0.731,6,21,27,16,5,7,11,30,-8.0
22026,1611661320,LAS,Los Angeles Sparks,1022600023,2026-05-15,LAS vs. TOR,W,200,99,37,58,0.638,9,21,0.429,16,20,0.8,2,22,24,26,6,1,16,18,4.0
22026,1611661324,MIN,Minnesota Lynx,1022600019,2026-05-14,MIN @ DAL,W,202,90,35,58,0.603,6,13,0.462,14,18,0.778,6,25,31,20,6,7,16,19,4.0
22026,1611661321,DAL,Dallas Wings,1022600019,2026-05-14,DAL vs. MIN,L,200,86,31,67,0.463,5,17,0.294,19,22,0.864,9,17,26,22,9,3,11,18,-4.0
22026,1611661313,NYL,New York Liberty,1022600020,2026-05-14,NYL @ PDX,W,199,100,34,67,0.507,15,38,0.395,17,20,0.85,4,28,32,32,7,0,12,19,18.0
22026,1611661327,PDX,Portland Fire,1022600020,2026-05-14,PDX vs. NYL,L,201,82,30,68,0.441,9,31,0.29,13,20,0.65,7,23,30,22,7,2,15,22,-18.0
22026,1611661328,SEA,Seattle Storm,1022600015,2026-05-13,SEA @ TOR,L,200,73,27,58,0.466,7,20,0.35,12,17,0.706,3,25,28,18,6,5,19,21,-13.0
22026,1611661325,IND,Indiana Fever,1022600018,2026-05-13,IND @ LAS,W,200,87,31,63,0.492,9,30,0.3,16,19,0.842,8,25,33,23,7,3,16,24,9.0
22026,1611661331,GSV,Golden State Valkyries,1022600017,2026-05-13,GSV vs. CHI,L,201,63,22,75,0.293,7,26,0.269,12,16,0.75,14,28,42,10,3,9,11,19,-6.0
22026,1611661323,CON,Connecticut Sun,1022600016,2026-05-13,CON vs. LVA,L,199,69,23,70,0.329,3,13,0.231,20,24,0.833,8,21,29,16,6,3,13,20,-29.0
22026,1611661320,LAS,Los Angeles Sparks,1022600018,2026-05-13,LAS vs. IND,L,201,78,28,57,0.491,2,15,0.133,20,25,0.8,4,20,24,13,12,4,19,24,-9.0
22026,1611661332,TOR,Toronto Tempo,1022600015,2026-05-13,TOR vs. SEA,W,201,86,30,69,0.435,11,29,0.379,15,18,0.833,9,24,33,21,11,4,12,17,13.0
22026,1611661319,LVA,Las Vegas Aces,1022600016,2026-05-13,LVA @ CON,W,202,98,39,72,0.542,5,16,0.313,15,21,0.714,12,34,46,21,9,6,15,19,29.0
22026,1611661329,CHI,Chicago Sky,1022600017,2026-05-13,CHI @ GSV,W,200,69,25,69,0.362,6,20,0.3,13,21,0.619,8,31,39,19,7,8,8,19,6.0
22026,1611661321,DAL,Dallas Wings,1022600012,2026-05-12,DAL vs. ATL,L,201,72,28,73,0.384,4,26,0.154,12,14,0.857,7,27,34,15,3,4,8,17,-5.0
22026,1611661327,PDX,Portland Fire,1022600014,2026-05-12,PDX vs. NYL,W,200,98,34,68,0.5,15,33,0.455,15,15,1.0,8,18,26,15,8,4,13,21,2.0
22026,1611661330,ATL,Atlanta Dream,1022600012,2026-05-12,ATL @ DAL,W,200,77,26,69,0.377,9,33,0.273,16,17,0.941,11,33,44,13,5,3,9,18,5.0
22026,1611661317,PHX,Phoenix Mercury,1022600013,2026-05-12,PHX vs. MIN,L,199,84,26,71,0.366,9,29,0.31,23,33,0.697,9,22,31,20,11,4,11,22,-4.0
22026,1611661324,MIN,Minnesota Lynx,1022600013,2026-05-12,MIN @ PHX,W,202,88,32,64,0.5,7,19,0.368,17,24,0.708,9,34,43,20,5,4,15,28,4.0
22026,1611661313,NYL,New York Liberty,1022600014,2026-05-12,NYL @ PDX,L,200,96,33,62,0.532,13,28,0.464,17,18,0.944,8,23,31,23,7,3,18,16,-2.0
22026,1611661319,LVA,Las Vegas Aces,1022600009,2026-05-10,LVA @ LAS,W,200,105,43,69,0.623,7,20,0.35,12,17,0.706,6,25,31,28,11,10,14,16,27.0
22026,1611661328,SEA,Seattle Storm,1022600007,2026-05-10,SEA @ CON,W,201,89,27,61,0.443,10,22,0.455,25,33,0.758,7,25,32,14,10,8,14,22,7.0
22026,1611661322,WAS,Washington Mystics,1022600008,2026-05-10,WAS vs. NYL,L,224,93,34,80,0.425,5,26,0.192,20,29,0.69,19,23,42,24,7,1,13,27,-5.0
22026,1611661331,GSV,Golden State Valkyries,1022600011,2026-05-10,GSV vs. PHX,W,200,95,33,67,0.493,13,33,0.394,16,18,0.889,6,24,30,25,10,4,9,21,16.0
22026,1611661317,PHX,Phoenix Mercury,1022600011,2026-05-10,PHX @ GSV,L,201,79,26,54,0.481,11,22,0.5,16,19,0.842,4,20,24,20,2,3,17,21,-16.0
22026,1611661313,NYL,New York Liberty,1022600008,2026-05-10,NYL @ WAS,W,224,98,33,69,0.478,9,27,0.333,23,28,0.821,8,26,34,19,7,5,15,31,5.0
22026,1611661323,CON,Connecticut Sun,1022600007,2026-05-10,CON vs. SEA,L,200,82,29,73,0.397,8,23,0.348,16,22,0.727,10,31,41,18,7,3,16,28,-7.0
22026,1611661320,LAS,Los Angeles Sparks,1022600009,2026-05-10,LAS vs. LVA,L,201,78,29,78,0.372,9,31,0.29,11,16,0.688,15,17,32,11,8,0,19,17,-27.0
22026,1611661330,ATL,Atlanta Dream,1022600010,2026-05-09,ATL @ MIN,W,200,91,31,73,0.425,7,29,0.241,22,30,0.733,19,27,46,22,9,6,20,18,1.0
22026,1611661325,IND,Indiana Fever,1022600004,2026-05-09,IND vs. DAL,L,200,104,40,77,0.519,7,24,0.292,17,21,0.81,7,21,28,23,4,2,14,25,-3.0
22026,1611661324,MIN,Minnesota Lynx,1022600010,2026-05-09,MIN vs. ATL,L,201,90,35,70,0.5,5,18,0.278,15,22,0.682,7,18,25,20,10,7,15,24,-1.0
22026,1611661329,CHI,Chicago Sky,1022600006,2026-05-09,CHI @ PDX,W,200,98,33,69,0.478,6,17,0.353,26,34,0.765,14,32,46,22,4,8,9,17,15.0
22026,1611661327,PDX,Portland Fire,1022600006,2026-05-09,PDX vs. CHI,L,201,83,29,71,0.408,9,29,0.31,16,20,0.8,3,21,24,20,6,7,8,24,-15.0
22026,1611661321,DAL,Dallas Wings,1022600004,2026-05-09,DAL @ IND,W,201,107,39,66,0.591,12,23,0.522,17,24,0.708,3,24,27,26,9,2,15,28,3.0
22026,1611661317,PHX,Phoenix Mercury,1022600005,2026-05-09,PHX @ LVA,W,199,99,38,77,0.494,11,24,0.458,12,15,0.8,7,30,37,23,11,4,7,10,33.0
22026,1611661319,LVA,Las Vegas Aces,1022600005,2026-05-09,LVA vs. PHX,L,199,66,29,71,0.408,4,19,0.211,4,8,0.5,6,29,35,19,5,8,17,15,-33.0
22026,1611661331,GSV,Golden State Valkyries,1022600003,2026-05-08,GSV @ SEA,W,200,91,31,74,0.419,15,37,0.405,14,22,0.636,13,22,35,22,5,5,9,23,11.0
22026,1611661313,NYL,New York Liberty,1022600001,2026-05-08,NYL vs. CON,W,200,106,35,67,0.522,10,31,0.323,26,31,0.839,7,30,37,26,9,5,16,23,31.0
22026,1611661323,CON,Connecticut Sun,1022600001,2026-05-08,CON @ NYL,L,200,75,32,83,0.386,4,22,0.182,7,15,0.467,12,20,32,21,5,2,16,25,-31.0
22026,1611661332,TOR,Toronto Tempo,1022600002,2026-05-08,TOR vs. WAS,L,200,65,17,63,0.27,5,25,0.2,26,35,0.743,9,28,37,10,10,2,16,26,-3.0
22026,1611661328,SEA,Seattle Storm,1022600003,2026-05-08,SEA vs. GSV,L,200,80,26,63,0.413,9,26,0.346,19,27,0.704,13,28,41,16,4,5,14,22,-11.0
22026,1611661322,WAS,Washington Mystics,1022600002,2026-05-08,WAS @ TOR,W,200,68,25,64,0.391,5,24,0.208,13,22,0.591,9,35,44,14,10,5,18,28,3.0
