gameId,actionNumber,clock,period,teamId,teamTricode,personId,playerName,playerNameI,xLegacy,yLegacy,shotDistance,shotResult,isFieldGoal,scoreHome,scoreAway,pointsTotal,location,description,actionType,subType,videoAvailable,shotValue,actionId
1022600241,2,PT10M00.00S,1,0,,0,,,0,0,0,,0,0,0,0,,Start of 1st Period (3:43 PM EST),period,start,1,0,1
1022600241,4,PT10M00.00S,1,1611661324,MIN,203827,Howard,N. Howard,0,0,0,,0,,,0,h,Jump Ball Howard vs. Smith: Tip to Collier,Jump Ball,,1,0,2
1022600241,7,PT09M38.00S,1,1611661324,MIN,203827,Howard,N. Howard,-15,36,4,Made,1,2,0,2,h,Howard 4' Turnaround Hook Shot (2 PTS),Made Shot,Turnaround Hook Shot,1,2,3
1022600241,8,PT09M20.00S,1,1611661321,DAL,1629481,Ogunbowale,A. Ogunbowale,33,21,4,Made,1,2,2,4,v,Ogunbowale 4' Driving Layup (2 PTS),Made Shot,Driving Layup Shot,1,2,4
1022600241,10,PT09M05.00S,1,1611661324,MIN,1629483,Collier,N. Collier,0,0,0,,0,,,0,h,Collier Bad Pass Turnover (P1.T1),Turnover,Bad Pass,1,0,5
1022600241,10,PT09M05.00S,1,1611661321,DAL,1642784,Bueckers,P. Bueckers,0,0,0,,0,,,0,v,Bueckers STEAL (1 STL),,,1,0,6
1022600241,12,PT08M59.00S,1,1611661321,DAL,1629481,Ogunbowale,A. Ogunbowale,0,0,0,,0,,,0,v,Ogunbowale Bad Pass Turnover (P1.T1),Turnover,Bad Pass,1,0,7
1022600241,12,PT08M59.00S,1,1611661324,MIN,203827,Howard,N. Howard,0,0,0,,0,,,0,h,Howard STEAL (1 STL),,,1,0,8
1022600241,15,PT08M53.00S,1,1611661324,MIN,203827,Howard,N. Howard,5,22,2,Missed,1,,,0,h,MISS Howard 2' Running Finger Roll Layup,Missed Shot,Running Finger Roll Layup Shot,1,2,9
1022600241,16,PT08M50.00S,1,1611661321,DAL,1629501,Smith,A. Smith,0,0,0,,0,,,0,v,Smith REBOUND (Off:0 Def:1),Rebound,Unknown,1,0,10
1022600241,17,PT08M43.00S,1,1611661321,DAL,1642784,Bueckers,P. Bueckers,12,123,12,Missed,1,,,0,v,MISS Bueckers 12' Pullup Jump Shot,Missed Shot,Pullup Jump shot,1,2,11
1022600241,18,PT08M39.00S,1,1611661324,MIN,1629483,Collier,N. Collier,0,0,0,,0,,,0,h,Collier REBOUND (Off:0 Def:1),Rebound,Unknown,1,0,12
1022600241,19,PT08M26.00S,1,1611661324,MIN,1627675,Williams,C. Williams,-95,222,24,Missed,1,,,0,h,MISS Williams 24' 3PT Jump Shot,Missed Shot,Jump Shot,1,3,13
1022600241,20,PT08M24.00S,1,1611661321,DAL,1642784,Bueckers,P. Bueckers,0,0,0,,0,,,0,v,Bueckers REBOUND (Off:0 Def:1),Rebound,Unknown,1,0,14
1022600241,21,PT08M15.00S,1,1611661321,DAL,1629501,Smith,A. Smith,7,6,1,Made,1,2,4,6,v,Smith 1' Driving Layup (2 PTS) (Bueckers 1 AST),Made Shot,Driving Layup Shot,1,2,15
1022600241,23,PT07M56.00S,1,1611661324,MIN,203825,McBride,K. McBride,26,14,3,Made,1,4,4,8,h,McBride 3' Cutting Layup Shot (2 PTS) (Miles 1 AST),Made Shot,Cutting Layup Shot,1,2,16
1022600241,25,PT07M29.00S,1,1611661321,DAL,1629501,Smith,A. Smith,79,230,24,Missed,1,,,0,v,MISS Smith 24' 3PT Jump Shot,Missed Shot,Jump Shot,1,3,17
1022600241,26,PT07M27.00S,1,1611661324,MIN,1643426,Miles,O. Miles,0,0,0,,0,,,0,h,Miles REBOUND (Off:0 Def:1),Rebound,Unknown,1,0,18
1022600241,27,PT07M10.00S,1,1611661324,MIN,1643426,Miles,O. Miles,-73,243,25,Made,1,7,4,11,h,Miles 25' 3PT Pullup Jump Shot (3 PTS),Made Shot,Pullup Jump shot,1,3,19
1022600241,28,PT06M46.00S,1,1611661321,DAL,1642784,Bueckers,P. Bueckers,0,0,0,,0,,,0,v,Bueckers Bad Pass Turnover (P1.T2),Turnover,Bad Pass,1,0,20
1022600241,28,PT06M46.00S,1,1611661324,MIN,1627675,Williams,C. Williams,0,0,0,,0,,,0,h,Williams STEAL (1 STL),,,1,0,21
1022600241,30,PT06M39.00S,1,1611661324,MIN,203827,Howard,N. Howard,12,47,5,Made,1,9,4,13,h,Howard 5' Running Pull-Up Jump Shot (4 PTS) (Williams 1 AST),Made Shot,Running Pull-Up Jump Shot,1,2,22
1022600241,32,PT06M24.00S,1,1611661321,DAL,1642784,Bueckers,P. Bueckers,-102,18,10,Made,1,9,6,15,v,Bueckers 10' Step Back Jump Shot (2 PTS),Made Shot,Step Back Jump shot,1,2,23
1022600241,33,PT06M08.00S,1,1611661324,MIN,1629483,Collier,N. Collier,-26,248,25,Made,1,12,6,18,h,Collier 25' 3PT Jump Shot (3 PTS) (Williams 2 AST),Made Shot,Jump Shot,1,3,24
1022600241,35,PT05M49.00S,1,1611661321,DAL,203824,Sims,O. Sims,163,185,25,Missed,1,,,0,v,MISS Sims 25' 3PT Jump Shot,Missed Shot,Jump Shot,1,3,25
1022600241,36,PT05M46.00S,1,1611661324,MIN,1629483,Collier,N. Collier,0,0,0,,0,,,0,h,Collier REBOUND (Off:0 Def:2),Rebound,Unknown,1,0,26
1022600241,37,PT05M40.00S,1,1611661324,MIN,1627675,Williams,C. Williams,74,223,0,Missed,1,,,0,h,MISS Williams 3PT Running Pull-Up Jump Shot,Missed Shot,Running Pull-Up Jump Shot,1,3,27
1022600241,38,PT05M38.00S,1,1611661321,DAL,1629501,Smith,A. Smith,0,0,0,,0,,,0,v,Smith REBOUND (Off:0 Def:2),Rebound,Unknown,1,0,28
1022600241,39,PT05M29.00S,1,1611661321,DAL,1642784,Bueckers,P. Bueckers,-77,39,9,Made,1,12,8,20,v,Bueckers 9' Turnaround Fadeaway (4 PTS) (Shepard 1 AST),Made Shot,Turnaround Fadeaway shot,1,2,29
1022600241,43,PT05M15.00S,1,1611661321,DAL,1629491,Shepard,J. Shepard,0,0,0,,0,,,0,v,Shepard S.FOUL (P1.T1),Foul,Shooting,1,0,30
1022600241,45,PT05M15.00S,1,1611661324,MIN,1627675,Williams,C. Williams,0,0,0,,0,13,8,21,h,Williams Free Throw 1 of 2 (1 PTS),Free Throw,Free Throw 1 of 2,1,0,31
1022600241,46,PT05M15.00S,1,1611661321,DAL,1629491,Shepard,J. Shepard,0,0,0,,0,,,0,v,SUB: Yueru FOR Shepard,Substitution,,0,0,32
1022600241,48,PT05M15.00S,1,1611661324,MIN,1627675,Williams,C. Williams,0,0,0,,0,,,0,h,MISS Williams Free Throw 2 of 2,Free Throw,Free Throw 2 of 2,1,0,33
1022600241,49,PT05M12.00S,1,1611661321,DAL,1629501,Smith,A. Smith,0,0,0,,0,,,0,v,Smith REBOUND (Off:0 Def:3),Rebound,Unknown,1,0,34
1022600241,50,PT04M55.00S,1,1611661321,DAL,203824,Sims,O. Sims,187,7,19,Made,1,13,10,23,v,Sims 19' Pullup Jump Shot (2 PTS) (Ogunbowale 1 AST),Made Shot,Pullup Jump shot,1,2,35
1022600241,52,PT04M44.00S,1,1611661324,MIN,1643426,Miles,O. Miles,0,0,0,,0,,,0,h,Miles OFF.Foul (P1),Foul,Offensive,1,0,36
1022600241,54,PT04M44.00S,1,1611661324,MIN,1643426,Miles,O. Miles,0,0,0,,0,,,0,h,Miles Offensive Foul Turnover (P1.T2),Turnover,Offensive Foul Turnover,1,0,37
1022600241,55,PT04M44.00S,1,0,,0,,,0,0,0,,0,,,0,,Timeout: Official,Timeout,Official,0,0,38
1022600241,56,PT04M44.00S,1,1611661324,MIN,203827,Howard,N. Howard,0,0,0,,0,,,0,h,SUB: Coffey FOR Howard,Substitution,,0,0,39
1022600241,58,PT04M34.00S,1,1611661321,DAL,203824,Sims,O. Sims,-36,15,4,Made,1,13,12,25,v,Sims 4' Driving Layup (4 PTS),Made Shot,Driving Layup Shot,1,2,40
1022600241,59,PT04M16.00S,1,1611661324,MIN,1628269,Coffey,N. Coffey,-210,77,0,Missed,1,,,0,h,MISS Coffey 3PT Jump Shot,Missed Shot,Jump Shot,1,3,41
1022600241,60,PT04M15.00S,1,1611661324,MIN,1629483,Collier,N. Collier,0,0,0,,0,,,0,h,Collier REBOUND (Off:1 Def:2),Rebound,Unknown,1,0,42
1022600241,61,PT04M14.00S,1,1611661324,MIN,1629483,Collier,N. Collier,-16,17,2,Made,1,15,12,27,h,Collier 2' Tip Layup Shot (5 PTS),Made Shot,Tip Layup Shot,1,2,43
1022600241,62,PT03M54.00S,1,1611661321,DAL,1629501,Smith,A. Smith,79,226,24,Missed,1,,,0,v,MISS Smith 24' 3PT Jump Shot,Missed Shot,Jump Shot,1,3,44
1022600241,63,PT03M51.00S,1,1611661324,MIN,1629483,Collier,N. Collier,0,0,0,,0,,,0,h,Collier REBOUND (Off:1 Def:3),Rebound,Unknown,1,0,45
1022600241,64,PT03M46.00S,1,1611661324,MIN,1627675,Williams,C. Williams,1,126,13,Missed,1,,,0,h,MISS Williams 13' Running Pull-Up Jump Shot,Missed Shot,Running Pull-Up Jump Shot,1,2,46
1022600241,65,PT03M44.00S,1,1611661321,DAL,1629574,Yueru,L. Yueru,0,0,0,,0,,,0,v,Yueru REBOUND (Off:0 Def:1),Rebound,Unknown,1,0,47
1022600241,66,PT03M38.00S,1,1611661321,DAL,203824,Sims,O. Sims,0,0,0,,0,,,0,v,Sims Bad Pass Turnover (P1.T3),Turnover,Bad Pass,1,0,48
1022600241,66,PT03M38.00S,1,1611661324,MIN,203825,McBride,K. McBride,0,0,0,,0,,,0,h,McBride STEAL (1 STL),,,1,0,49
1022600241,68,PT03M15.00S,1,1611661324,MIN,1628269,Coffey,N. Coffey,6,164,16,Made,1,17,12,29,h,Coffey 16' Pullup Jump Shot (2 PTS) (Williams 3 AST),Made Shot,Pullup Jump shot,1,2,50
1022600241,70,PT02M54.00S,1,1611661321,DAL,1642784,Bueckers,P. Bueckers,-82,55,10,Made,1,17,14,31,v,Bueckers 10' Turnaround Fadeaway (6 PTS),Made Shot,Turnaround Fadeaway shot,1,2,51
1022600241,71,PT02M41.00S,1,1611661324,MIN,1643426,Miles,O. Miles,30,7,3,Missed,1,,,0,h,MISS Miles 3' Driving Finger Roll Layup,Missed Shot,Driving Finger Roll Layup Shot,1,2,52
1022600241,72,PT02M39.00S,1,1611661321,DAL,1629574,Yueru,L. Yueru,0,0,0,,0,,,0,v,Yueru REBOUND (Off:0 Def:2),Rebound,Unknown,1,0,53
1022600241,73,PT02M34.00S,1,1611661321,DAL,1629501,Smith,A. Smith,-32,13,3,Missed,1,,,0,v,MISS Smith 3' Cutting Layup Shot,Missed Shot,Cutting Layup Shot,1,2,54
1022600241,74,PT02M31.00S,1,1611661324,MIN,1629483,Collier,N. Collier,0,0,0,,0,,,0,h,Collier REBOUND (Off:1 Def:4),Rebound,Unknown,1,0,55
1022600241,75,PT02M26.00S,1,1611661324,MIN,1627675,Williams,C. Williams,11,168,17,Missed,1,,,0,h,MISS Williams 17' Running Pull-Up Jump Shot,Missed Shot,Running Pull-Up Jump Shot,1,2,56
1022600241,76,PT02M24.00S,1,0,,1611661324,,,0,0,0,,0,,,0,h,LYNX Rebound,Rebound,Unknown,1,0,57
1022600241,78,PT02M24.00S,1,1611661324,MIN,1643426,Miles,O. Miles,0,0,0,,0,,,0,h,SUB: Caldwell FOR Miles,Substitution,,0,0,58
1022600241,79,PT02M24.00S,1,1611661324,MIN,1627675,Williams,C. Williams,0,0,0,,0,,,0,h,SUB: Joklova FOR Williams,Substitution,,0,0,59
1022600241,80,PT02M24.00S,1,1611661324,MIN,1629483,Collier,N. Collier,0,0,0,,0,,,0,h,SUB: Juhasz FOR Collier,Substitution,,0,0,60
1022600241,81,PT02M24.00S,1,1611661321,DAL,1629501,Smith,A. Smith,0,0,0,,0,,,0,v,SUB: Kuier FOR Smith,Substitution,,0,0,61
1022600241,82,PT02M24.00S,1,1611661321,DAL,1629481,Ogunbowale,A. Ogunbowale,0,0,0,,0,,,0,v,SUB: James FOR Ogunbowale,Substitution,,0,0,62
1022600241,88,PT02M15.00S,1,1611661324,MIN,203825,McBride,K. McBride,-1,52,5,Made,1,19,14,33,h,McBride 5' Driving Layup (4 PTS),Made Shot,Driving Layup Shot,1,2,63
1022600241,89,PT02M05.00S,1,1611661321,DAL,1642793,James,A. James,-217,66,0,Made,1,19,17,36,v,James 3PT Jump Shot (3 PTS) (Bueckers 2 AST),Made Shot,Jump Shot,1,3,64
1022600241,91,PT01M48.00S,1,1611661324,MIN,1630471,Caldwell,M. Caldwell,-85,149,17,Missed,1,,,0,h,MISS Caldwell 17' Pullup Jump Shot,Missed Shot,Pullup Jump shot,1,2,65
1022600241,92,PT01M46.00S,1,1611661321,DAL,1630386,Kuier,A. Kuier,0,0,0,,0,,,0,v,Kuier REBOUND (Off:0 Def:1),Rebound,Unknown,1,0,66
1022600241,93,PT01M27.00S,1,1611661321,DAL,1642793,James,A. James,-65,9,7,Missed,1,,,0,v,MISS James 7' Driving Floating Jump Shot,Missed Shot,Driving Floating Jump Shot,1,2,67
1022600241,94,PT01M26.00S,1,0,,1611661321,,,0,0,0,,0,,,0,v,Wings Rebound,Rebound,Unknown,1,0,68
1022600241,96,PT01M26.00S,1,1611661321,DAL,203824,Sims,O. Sims,0,0,0,,0,,,0,v,SUB: Sutton FOR Sims,Substitution,,0,0,69
1022600241,97,PT01M26.00S,1,1611661321,DAL,1642784,Bueckers,P. Bueckers,0,0,0,,0,,,0,v,SUB: Siegrist FOR Bueckers,Substitution,,0,0,70
1022600241,100,PT01M25.00S,1,1611661321,DAL,1630134,Sutton,S. Sutton,0,0,0,,0,,,0,v,Sutton Bad Pass Turnover (P1.T4),Turnover,Bad Pass,1,0,71
1022600241,100,PT01M25.00S,1,1611661324,MIN,1628269,Coffey,N. Coffey,0,0,0,,0,,,0,h,Coffey STEAL (1 STL),,,1,0,72
1022600241,102,PT01M14.00S,1,1611661321,DAL,1642793,James,A. James,0,0,0,,0,,,0,v,James S.FOUL (P1.T2),Foul,Shooting,1,0,73
1022600241,104,PT01M14.00S,1,1611661324,MIN,1643490,Joklova,E. Joklova,0,0,0,,0,20,17,37,h,Joklova Free Throw 1 of 2 (1 PTS),Free Throw,Free Throw 1 of 2,1,0,74
1022600241,105,PT01M14.00S,1,1611661324,MIN,1643490,Joklova,E. Joklova,0,0,0,,0,21,17,38,h,Joklova Free Throw 2 of 2 (2 PTS),Free Throw,Free Throw 2 of 2,1,0,75
1022600241,106,PT01M04.00S,1,1611661321,DAL,1630386,Kuier,A. Kuier,56,249,26,Missed,1,,,0,v,MISS Kuier 26' 3PT Jump Shot,Missed Shot,Jump Shot,1,3,76
1022600241,107,PT00M58.80S,1,1611661321,DAL,1642793,James,A. James,0,0,0,,0,,,0,v,James REBOUND (Off:1 Def:0),Rebound,Unknown,1,0,77
1022600241,108,PT00M57.60S,1,1611661321,DAL,1641652,Siegrist,M. Siegrist,7,10,1,Made,1,21,19,40,v,Siegrist 1' Layup (2 PTS) (James 1 AST),Made Shot,Layup Shot,1,2,78
1022600241,110,PT00M46.70S,1,1611661324,MIN,1641657,Juhasz,D. Juhasz,139,206,25,Missed,1,,,0,h,MISS Juhasz 25' 3PT Jump Shot,Missed Shot,Jump Shot,1,3,79
1022600241,111,PT00M44.10S,1,1611661321,DAL,1642793,James,A. James,0,0,0,,0,,,0,v,James REBOUND (Off:1 Def:1),Rebound,Unknown,1,0,80
1022600241,113,PT00M40.80S,1,1611661324,MIN,203825,McBride,K. McBride,0,0,0,,0,,,0,h,SUB: Collier FOR McBride,Substitution,,0,0,81
1022600241,115,PT00M37.10S,1,1611661321,DAL,1642793,James,A. James,46,31,6,Made,1,21,21,42,v,James 6' Driving Floating Bank Jump Shot (5 PTS) (Sutton 1 AST),Made Shot,Driving Floating Bank Jump Shot,1,2,82
1022600241,117,PT00M28.40S,1,1611661324,MIN,1629483,Collier,N. Collier,0,0,0,,0,,,0,h,Collier Traveling Turnover (P2.T3),Turnover,Traveling,1,0,83
1022600241,119,PT00M04.70S,1,1611661321,DAL,1642793,James,A. James,-116,52,13,Missed,1,,,0,v,MISS James 13' Driving Floating Jump Shot,Missed Shot,Driving Floating Jump Shot,1,2,84
1022600241,119,PT00M04.70S,1,1611661324,MIN,1629483,Collier,N. Collier,0,0,0,,0,,,0,h,Collier BLOCK (1 BLK),,,1,2,85
1022600241,121,PT00M03.70S,1,1611661321,DAL,1630386,Kuier,A. Kuier,0,0,0,,0,,,0,v,Kuier REBOUND (Off:1 Def:1),Rebound,Unknown,1,0,86
1022600241,122,PT00M03.00S,1,1611661321,DAL,1630386,Kuier,A. Kuier,-5,33,3,Made,1,21,23,44,v,Kuier 3' Putback Layup (2 PTS),Made Shot,Putback Layup Shot,1,2,87
1022600241,123,PT00M00.00S,1,0,,0,,,0,0,0,,0,21,23,44,,End of 1st Period (4:01 PM EST),period,end,1,0,88
1022600241,126,PT10M00.00S,2,0,,0,,,0,0,0,,0,21,23,44,,Start of 2nd Period (4:04 PM EST),period,start,1,0,89
1022600241,127,PT09M44.00S,2,1611661321,DAL,1629574,Yueru,L. Yueru,-23,16,3,Made,1,21,25,46,v,Yueru 3' Driving Layup (2 PTS) (Sutton 2 AST),Made Shot,Driving Layup Shot,1,2,90
1022600241,129,PT09M28.00S,2,1611661324,MIN,1630471,Caldwell,M. Caldwell,0,0,0,,0,,,0,h,Caldwell Traveling Turnover (P1.T4),Turnover,Traveling,1,0,91
1022600241,131,PT09M08.00S,2,1611661321,DAL,1641652,Siegrist,M. Siegrist,48,112,12,Missed,1,,,0,v,MISS Siegrist 12' Jump Shot,Missed Shot,Jump Shot,1,2,92
1022600241,132,PT09M03.00S,2,1611661324,MIN,1630471,Caldwell,M. Caldwell,0,0,0,,0,,,0,h,Caldwell REBOUND (Off:0 Def:1),Rebound,Unknown,1,0,93
1022600241,133,PT08M54.00S,2,1611661324,MIN,1629483,Collier,N. Collier,-9,234,0,Missed,1,,,0,h,MISS Collier 3PT Jump Shot,Missed Shot,Jump Shot,1,3,94
1022600241,134,PT08M52.00S,2,1611661321,DAL,1642793,James,A. James,0,0,0,,0,,,0,v,James REBOUND (Off:1 Def:2),Rebound,Unknown,1,0,95
1022600241,135,PT08M48.00S,2,1611661321,DAL,1642793,James,A. James,-28,16,3,Made,1,21,27,48,v,James 3' Running Layup (7 PTS),Made Shot,Running Layup Shot,1,2,96
1022600241,136,PT08M48.00S,2,0,,1611661324,,,0,0,0,,0,,,0,h,LYNX Timeout: Regular (Full 1 Short 0),Timeout,Regular,0,0,97
1022600241,137,PT08M48.00S,2,1611661324,MIN,1630471,Caldwell,M. Caldwell,0,0,0,,0,,,0,h,SUB: McBride FOR Caldwell,Substitution,,0,0,98
1022600241,138,PT08M48.00S,2,1611661324,MIN,1628269,Coffey,N. Coffey,0,0,0,,0,,,0,h,SUB: Howard FOR Coffey,Substitution,,0,0,99
1022600241,139,PT08M48.00S,2,1611661324,MIN,1641657,Juhasz,D. Juhasz,0,0,0,,0,,,0,h,SUB: Williams FOR Juhasz,Substitution,,0,0,100
1022600241,143,PT08M31.00S,2,1611661324,MIN,1643426,Miles,O. Miles,4,174,17,Missed,1,,,0,h,MISS Miles 17' Pullup Jump Shot,Missed Shot,Pullup Jump shot,1,2,101
1022600241,144,PT08M28.00S,2,1611661321,DAL,1629574,Yueru,L. Yueru,0,0,0,,0,,,0,v,Yueru REBOUND (Off:0 Def:3),Rebound,Unknown,1,0,102
1022600241,146,PT08M17.00S,2,1611661321,DAL,1642793,James,A. James,133,55,14,Made,1,21,29,50,v,James 14' Jump Shot (9 PTS) (Sutton 3 AST),Made Shot,Jump Shot,1,2,103
1022600241,148,PT07M56.00S,2,1611661324,MIN,203825,McBride,K. McBride,8,197,20,Made,1,23,29,52,h,McBride 20' Jump Shot (6 PTS) (Howard 1 AST),Made Shot,Jump Shot,1,2,104
1022600241,150,PT07M56.00S,2,1611661321,DAL,1641652,Siegrist,M. Siegrist,0,0,0,,0,,,0,v,Siegrist S.FOUL (P1.T1),Foul,Shooting,1,0,105
1022600241,152,PT07M56.00S,2,1611661324,MIN,203825,McBride,K. McBride,0,0,0,,0,24,29,53,h,McBride Free Throw 1 of 1 (7 PTS),Free Throw,Free Throw 1 of 1,1,0,106
1022600241,153,PT07M45.00S,2,1611661321,DAL,1630134,Sutton,S. Sutton,-123,85,15,Made,1,24,31,55,v,Sutton 15' Pullup Jump Shot (2 PTS),Made Shot,Pullup Jump shot,1,2,107
1022600241,154,PT07M30.00S,2,1611661324,MIN,203825,McBride,K. McBride,-90,238,25,Made,1,27,31,58,h,McBride 25' 3PT Jump Shot (10 PTS) (Collier 1 AST),Made Shot,Jump Shot,1,3,108
1022600241,157,PT07M19.00S,2,1611661321,DAL,1630134,Sutton,S. Sutton,0,0,0,,0,,,0,v,SUB: Sims FOR Sutton,Substitution,,0,0,109
1022600241,158,PT07M19.00S,2,1611661321,DAL,1642793,James,A. James,0,0,0,,0,,,0,v,SUB: Bueckers FOR James,Substitution,,0,0,110
1022600241,159,PT07M19.00S,2,1611661321,DAL,1641652,Siegrist,M. Siegrist,0,0,0,,0,,,0,v,SUB: Smith FOR Siegrist,Substitution,,0,0,111
1022600241,160,PT07M19.00S,2,1611661321,DAL,1630386,Kuier,A. Kuier,0,0,0,,0,,,0,v,SUB: Ogunbowale FOR Kuier,Substitution,,0,0,112
1022600241,165,PT07M10.00S,2,1611661321,DAL,1642784,Bueckers,P. Bueckers,0,0,0,,0,,,0,v,Bueckers Lost Ball Turnover (P2.T5),Turnover,Lost Ball,1,0,113
1022600241,165,PT07M10.00S,2,1611661324,MIN,1629483,Collier,N. Collier,0,0,0,,0,,,0,h,Collier STEAL (1 STL),,,1,0,114
1022600241,167,PT07M06.00S,2,1611661324,MIN,203825,McBride,K. McBride,177,164,24,Missed,1,,,0,h,MISS McBride 24' 3PT Running Jump Shot,Missed Shot,Running Jump Shot,1,3,115
1022600241,168,PT07M02.00S,2,1611661321,DAL,203824,Sims,O. Sims,0,0,0,,0,,,0,v,Sims REBOUND (Off:0 Def:1),Rebound,Unknown,1,0,116
1022600241,169,PT06M59.00S,2,1611661321,DAL,203824,Sims,O. Sims,9,52,5,Missed,1,,,0,v,MISS Sims 5' Running Layup,Missed Shot,Running Layup Shot,1,2,117
1022600241,170,PT06M59.00S,2,0,,1611661324,,,0,0,0,,0,,,0,h,LYNX Rebound,Rebound,Unknown,1,0,118
1022600241,172,PT06M47.00S,2,1611661324,MIN,1643426,Miles,O. Miles,-12,11,2,Made,1,29,31,60,h,Miles 2' Driving Reverse Layup (5 PTS),Made Shot,Driving Reverse Layup Shot,1,2,119
1022600241,173,PT06M33.00S,2,1611661321,DAL,1629501,Smith,A. Smith,140,-7,14,Made,1,29,33,62,v,Smith 14' Jump Shot (4 PTS) (Ogunbowale 2 AST),Made Shot,Jump Shot,1,2,120
1022600241,175,PT06M07.00S,2,1611661324,MIN,1627675,Williams,C. Williams,140,186,0,Missed,1,,,0,h,MISS Williams 3PT Jump Shot,Missed Shot,Jump Shot,1,3,121
1022600241,176,PT06M06.00S,2,0,,1611661321,,,0,0,0,,0,,,0,v,Wings Rebound,Rebound,Unknown,1,0,122
1022600241,178,PT05M57.00S,2,1611661321,DAL,203824,Sims,O. Sims,0,0,0,,0,,,0,v,Sims Out of Bounds Lost Ball Turnover (P2.T6),Turnover,Out of Bounds Lost Ball Turnover,1,0,123
1022600241,179,PT05M46.00S,2,1611661324,MIN,1629483,Collier,N. Collier,50,233,24,Missed,1,,,0,h,MISS Collier 24' 3PT Jump Shot,Missed Shot,Jump Shot,1,3,124
1022600241,180,PT05M41.00S,2,1611661321,DAL,1642784,Bueckers,P. Bueckers,0,0,0,,0,,,0,v,Bueckers REBOUND (Off:0 Def:2),Rebound,Unknown,1,0,125
1022600241,181,PT05M37.00S,2,1611661321,DAL,1629481,Ogunbowale,A. Ogunbowale,188,161,25,Missed,1,,,0,v,MISS Ogunbowale 25' 3PT Running Pull-Up Jump Shot,Missed Shot,Running Pull-Up Jump Shot,1,3,126
1022600241,182,PT05M33.00S,2,1611661321,DAL,1629501,Smith,A. Smith,0,0,0,,0,,,0,v,Smith REBOUND (Off:1 Def:3),Rebound,Unknown,1,0,127
1022600241,183,PT05M32.00S,2,1611661321,DAL,203824,Sims,O. Sims,-164,156,0,Missed,1,,,0,v,MISS Sims 3PT Jump Shot,Missed Shot,Jump Shot,1,3,128
1022600241,184,PT05M30.00S,2,1611661324,MIN,203827,Howard,N. Howard,0,0,0,,0,,,0,h,Howard REBOUND (Off:0 Def:1),Rebound,Unknown,1,0,129
1022600241,185,PT05M23.00S,2,1611661324,MIN,203825,McBride,K. McBride,186,143,0,Made,1,32,33,65,h,McBride 3PT Jump Shot (13 PTS) (Miles 2 AST),Made Shot,Jump Shot,1,3,130
1022600241,187,PT05M09.00S,2,1611661321,DAL,1642784,Bueckers,P. Bueckers,-88,215,0,Missed,1,,,0,v,MISS Bueckers 3PT Step Back Jump Shot,Missed Shot,Step Back Jump shot,1,3,131
1022600241,188,PT05M06.00S,2,1611661321,DAL,1629501,Smith,A. Smith,0,0,0,,0,,,0,v,Smith REBOUND (Off:2 Def:3),Rebound,Unknown,1,0,132
1022600241,189,PT04M57.00S,2,1611661324,MIN,1643426,Miles,O. Miles,0,0,0,,0,,,0,h,Jump Ball Miles vs. Yueru: Tip to Sims,Jump Ball,,1,0,133
1022600241,192,PT04M52.00S,2,1611661321,DAL,203824,Sims,O. Sims,0,128,13,Made,1,32,35,67,v,Sims 13' Driving Floating Jump Shot (6 PTS),Made Shot,Driving Floating Jump Shot,1,2,134
1022600241,193,PT04M35.00S,2,1611661324,MIN,203827,Howard,N. Howard,2,62,6,Missed,1,,,0,h,MISS Howard 6' Floating Jump Shot,Missed Shot,Floating Jump shot,1,2,135
1022600241,194,PT04M34.00S,2,1611661324,MIN,203827,Howard,N. Howard,0,0,0,,0,,,0,h,Howard REBOUND (Off:1 Def:1),Rebound,Unknown,1,0,136
1022600241,195,PT04M33.00S,2,1611661324,MIN,203827,Howard,N. Howard,0,-6,1,Missed,1,,,0,h,MISS Howard 1' Tip Layup Shot,Missed Shot,Tip Layup Shot,1,2,137
1022600241,196,PT04M32.00S,2,1611661321,DAL,1642784,Bueckers,P. Bueckers,0,0,0,,0,,,0,v,Bueckers REBOUND (Off:0 Def:3),Rebound,Unknown,1,0,138
1022600241,197,PT04M25.00S,2,1611661321,DAL,1629481,Ogunbowale,A. Ogunbowale,0,0,0,,0,,,0,v,Ogunbowale Bad Pass Turnover (P2.T7),Turnover,Bad Pass,1,0,139
1022600241,197,PT04M25.00S,2,1611661324,MIN,1629483,Collier,N. Collier,0,0,0,,0,,,0,h,Collier STEAL (2 STL),,,1,0,140
1022600241,199,PT04M20.00S,2,1611661324,MIN,203825,McBride,K. McBride,0,0,0,,0,,,0,h,McBride Bad Pass Turnover (P1.T5),Turnover,Bad Pass,1,0,141
1022600241,199,PT04M20.00S,2,1611661321,DAL,1642784,Bueckers,P. Bueckers,0,0,0,,0,,,0,v,Bueckers STEAL (2 STL),,,1,0,142
1022600241,201,PT04M20.00S,2,1611661324,MIN,203827,Howard,N. Howard,0,0,0,,0,,,0,h,Howard P.FOUL (P1.T1),Foul,Personal,1,0,143
1022600241,203,PT04M20.00S,2,1611661324,MIN,203827,Howard,N. Howard,0,0,0,,0,,,0,h,SUB: Juhasz FOR Howard,Substitution,,0,0,144
1022600241,204,PT04M20.00S,2,1611661321,DAL,1629574,Yueru,L. Yueru,0,0,0,,0,,,0,v,SUB: Kuier FOR Yueru,Substitution,,0,0,145
1022600241,207,PT04M04.00S,2,1611661321,DAL,1629501,Smith,A. Smith,12,26,3,Missed,1,,,0,v,MISS Smith 3' Driving Layup,Missed Shot,Driving Layup Shot,1,2,146
1022600241,208,PT04M02.00S,2,1611661324,MIN,1627675,Williams,C. Williams,0,0,0,,0,,,0,h,Williams REBOUND (Off:0 Def:1),Rebound,Unknown,1,0,147
1022600241,209,PT03M58.00S,2,1611661324,MIN,203825,McBride,K. McBride,-166,201,26,Made,1,35,35,70,h,McBride 26' 3PT Running Pull-Up Jump Shot (16 PTS) (Williams 4 AST),Made Shot,Running Pull-Up Jump Shot,1,3,148
1022600241,211,PT03M40.00S,2,1611661321,DAL,1642784,Bueckers,P. Bueckers,0,0,0,,0,,,0,v,Bueckers Lost Ball Turnover (P3.T8),Turnover,Lost Ball,1,0,149
1022600241,211,PT03M40.00S,2,1611661324,MIN,1629483,Collier,N. Collier,0,0,0,,0,,,0,h,Collier STEAL (3 STL),,,1,0,150
1022600241,213,PT03M35.00S,2,1611661324,MIN,203825,McBride,K. McBride,-212,88,0,Made,1,38,35,73,h,McBride 3PT Running Jump Shot (19 PTS) (Miles 3 AST),Made Shot,Running Jump Shot,1,3,151
1022600241,215,PT03M34.00S,2,0,,1611661321,,,0,0,0,,0,,,0,v,Wings Timeout: Regular (Reg.1 Short 0),Timeout,Regular,0,0,152
1022600241,216,PT03M11.00S,2,1611661321,DAL,1629501,Smith,A. Smith,-19,68,7,Missed,1,,,0,v,MISS Smith 7' Driving Hook Shot,Missed Shot,Driving Hook Shot,1,2,153
1022600241,220,PT03M11.00S,2,0,,1611661324,,,0,0,0,,0,,,0,h,LYNX Rebound,Rebound,Unknown,1,0,154
1022600241,217,PT03M11.00S,2,1611661324,MIN,1629483,Collier,N. Collier,0,0,0,,0,,,0,h,Jump Ball Collier vs. Kuier: Tip to McBride,Jump Ball,,1,0,155
1022600241,221,PT02M52.00S,2,1611661324,MIN,1643426,Miles,O. Miles,78,224,24,Made,1,41,35,76,h,Miles 24' 3PT Step Back Jump Shot (8 PTS),Made Shot,Step Back Jump shot,1,3,156
1022600241,222,PT02M26.00S,2,1611661321,DAL,1642784,Bueckers,P. Bueckers,-19,152,15,Missed,1,,,0,v,MISS Bueckers 15' Pullup Jump Shot,Missed Shot,Pullup Jump shot,1,2,157
1022600241,223,PT02M23.00S,2,1611661321,DAL,1629501,Smith,A. Smith,0,0,0,,0,,,0,v,Smith REBOUND (Off:3 Def:3),Rebound,Unknown,1,0,158
1022600241,224,PT02M22.00S,2,1611661321,DAL,1629501,Smith,A. Smith,-18,5,2,Made,1,41,37,78,v,Smith 2' Putback Layup (6 PTS),Made Shot,Putback Layup Shot,1,2,159
1022600241,225,PT02M09.00S,2,1611661321,DAL,1642784,Bueckers,P. Bueckers,0,0,0,,0,,,0,v,Bueckers S.FOUL (P1.T2),Foul,Shooting,1,0,160
1022600241,227,PT02M09.00S,2,1611661324,MIN,1643426,Miles,O. Miles,0,0,0,,0,42,37,79,h,Miles Free Throw 1 of 2 (9 PTS),Free Throw,Free Throw 1 of 2,1,0,161
1022600241,228,PT02M09.00S,2,1611661324,MIN,1643426,Miles,O. Miles,0,0,0,,0,,,0,h,MISS Miles Free Throw 2 of 2,Free Throw,Free Throw 2 of 2,1,0,162
1022600241,229,PT02M06.00S,2,1611661321,DAL,1630386,Kuier,A. Kuier,0,0,0,,0,,,0,v,Kuier REBOUND (Off:1 Def:2),Rebound,Unknown,1,0,163
1022600241,230,PT01M48.00S,2,1611661321,DAL,1629501,Smith,A. Smith,-77,220,0,Made,1,42,40,82,v,Smith 3PT Jump Shot (9 PTS) (Bueckers 3 AST),Made Shot,Jump Shot,1,3,164
1022600241,232,PT01M28.00S,2,1611661324,MIN,1627675,Williams,C. Williams,134,135,19,Missed,1,,,0,h,MISS Williams 19' Pullup Jump Shot,Missed Shot,Pullup Jump shot,1,2,165
1022600241,233,PT01M25.00S,2,1611661321,DAL,1629501,Smith,A. Smith,0,0,0,,0,,,0,v,Smith REBOUND (Off:3 Def:4),Rebound,Unknown,1,0,166
1022600241,234,PT01M11.00S,2,1611661321,DAL,203824,Sims,O. Sims,-29,7,3,Made,1,42,42,84,v,Sims 3' Cutting Layup Shot (8 PTS) (Bueckers 4 AST),Made Shot,Cutting Layup Shot,1,2,167
1022600241,236,PT00M53.10S,2,1611661324,MIN,1643426,Miles,O. Miles,-126,248,28,Missed,1,,,0,h,MISS Miles 28' 3PT Jump Shot,Missed Shot,Jump Shot,1,3,168
1022600241,237,PT00M50.00S,2,1611661321,DAL,203824,Sims,O. Sims,0,0,0,,0,,,0,v,Sims REBOUND (Off:0 Def:2),Rebound,Unknown,1,0,169
1022600241,238,PT00M46.50S,2,1611661321,DAL,1629481,Ogunbowale,A. Ogunbowale,-166,163,0,Made,1,42,45,87,v,Ogunbowale 3PT Running Jump Shot (5 PTS) (Sims 1 AST),Made Shot,Running Jump Shot,1,3,170
1022600241,240,PT00M31.00S,2,1611661324,MIN,1629483,Collier,N. Collier,-22,6,2,Made,1,44,45,89,h,Collier 2' Cutting Layup Shot (7 PTS) (McBride 1 AST),Made Shot,Cutting Layup Shot,1,2,171
1022600241,242,PT00M12.30S,2,1611661321,DAL,1630386,Kuier,A. Kuier,132,210,25,Missed,1,,,0,v,MISS Kuier 25' 3PT Jump Shot,Missed Shot,Jump Shot,1,3,172
1022600241,243,PT00M09.90S,2,1611661324,MIN,1627675,Williams,C. Williams,0,0,0,,0,,,0,h,Williams REBOUND (Off:0 Def:2),Rebound,Unknown,1,0,173
1022600241,244,PT00M08.60S,2,1611661321,DAL,1642784,Bueckers,P. Bueckers,0,0,0,,0,,,0,v,Bueckers P.FOUL (P2.T3),Foul,Personal,1,0,174
1022600241,246,PT00M01.00S,2,1611661324,MIN,1643426,Miles,O. Miles,186,135,0,Made,1,47,45,92,h,Miles 3PT Step Back Jump Shot (12 PTS),Made Shot,Step Back Jump shot,1,3,175
1022600241,247,PT00M00.00S,2,0,,0,,,0,0,0,,0,47,45,92,,End of 2nd Period (4:28 PM EST),period,end,1,0,176
1022600241,252,PT10M00.00S,3,0,,0,,,0,0,0,,0,47,45,92,,Start of 3rd Period (4:43 PM EST),period,start,1,0,177
1022600241,253,PT09M47.00S,3,1611661321,DAL,1642784,Bueckers,P. Bueckers,134,25,14,Made,1,47,47,94,v,Bueckers 14' Turnaround Jump Shot (8 PTS) (Ogunbowale 3 AST),Made Shot,Turnaround Jump Shot,1,2,178
1022600241,255,PT09M40.00S,3,1611661324,MIN,203827,Howard,N. Howard,0,0,0,,0,,,0,h,Howard OFF.Foul (P2),Foul,Offensive,1,0,179
1022600241,257,PT09M40.00S,3,1611661324,MIN,203827,Howard,N. Howard,0,0,0,,0,,,0,h,Howard Offensive Foul Turnover (P1.T6),Turnover,Offensive Foul Turnover,1,0,180
1022600241,258,PT09M40.00S,3,0,,1611661324,,,0,0,0,,0,,,0,h,LYNX Violation: Delay of game Violation,Violation,Delay Of Game,0,0,181
1022600241,259,PT09M27.00S,3,1611661321,DAL,1629481,Ogunbowale,A. Ogunbowale,0,0,0,,0,,,0,v,Ogunbowale Step Out of Bounds Turnover (P3.T9),Turnover,Step Out of Bounds Turnover,1,0,182
1022600241,260,PT09M17.00S,3,1611661324,MIN,203825,McBride,K. McBride,22,227,0,Made,1,50,47,97,h,McBride 3PT Jump Shot (22 PTS) (Miles 4 AST),Made Shot,Jump Shot,1,3,183
1022600241,262,PT08M57.00S,3,1611661321,DAL,203824,Sims,O. Sims,-43,152,16,Missed,1,,,0,v,MISS Sims 16' Pullup Jump Shot,Missed Shot,Pullup Jump shot,1,2,184
1022600241,263,PT08M54.00S,3,1611661321,DAL,1629574,Yueru,L. Yueru,0,0,0,,0,,,0,v,Yueru REBOUND (Off:1 Def:3),Rebound,Unknown,1,0,185
1022600241,264,PT08M53.00S,3,1611661321,DAL,1629501,Smith,A. Smith,5,39,4,Missed,1,,,0,v,MISS Smith 4' Floating Jump Shot,Missed Shot,Floating Jump shot,1,2,186
1022600241,264,PT08M53.00S,3,1611661324,MIN,203827,Howard,N. Howard,0,0,0,,0,,,0,h,Howard BLOCK (1 BLK),,,1,2,187
1022600241,266,PT08M52.00S,3,1611661324,MIN,203827,Howard,N. Howard,0,0,0,,0,,,0,h,Howard REBOUND (Off:1 Def:2),Rebound,Unknown,1,0,188
1022600241,267,PT08M47.00S,3,1611661324,MIN,1643426,Miles,O. Miles,0,0,0,,0,,,0,h,Miles Bad Pass Turnover (P2.T7),Turnover,Bad Pass,1,0,189
1022600241,267,PT08M47.00S,3,1611661321,DAL,1629501,Smith,A. Smith,0,0,0,,0,,,0,v,Smith STEAL (1 STL),,,1,0,190
1022600241,269,PT08M41.00S,3,1611661321,DAL,203824,Sims,O. Sims,-10,3,1,Made,1,50,49,99,v,Sims 1' Running Layup (10 PTS),Made Shot,Running Layup Shot,1,2,191
1022600241,270,PT08M27.00S,3,1611661324,MIN,203827,Howard,N. Howard,0,1,0,Made,1,52,49,101,h,Howard Cutting Layup Shot (6 PTS) (Miles 5 AST),Made Shot,Cutting Layup Shot,1,2,192
1022600241,272,PT08M09.00S,3,1611661321,DAL,1642784,Bueckers,P. Bueckers,0,0,0,,0,,,0,v,Bueckers Out of Bounds - Bad Pass Turnover Turnover (P4.T10),Turnover,Out of Bounds - Bad Pass Turnover,1,0,193
1022600241,273,PT07M51.00S,3,1611661324,MIN,203827,Howard,N. Howard,-6,53,5,Made,1,54,49,103,h,Howard 5' Floating Jump Shot (8 PTS) (Williams 5 AST),Made Shot,Floating Jump shot,1,2,194
1022600241,275,PT07M42.00S,3,1611661321,DAL,1629501,Smith,A. Smith,0,0,0,,0,,,0,v,Smith OFF.Foul (P1),Foul,Offensive,1,0,195
1022600241,277,PT07M42.00S,3,1611661321,DAL,1629501,Smith,A. Smith,0,0,0,,0,,,0,v,Smith Offensive Foul Turnover (P1.T11),Turnover,Offensive Foul Turnover,1,0,196
1022600241,278,PT07M31.00S,3,1611661324,MIN,203825,McBride,K. McBride,-210,92,0,Made,1,57,49,106,h,McBride 3PT Jump Shot (25 PTS) (Miles 6 AST),Made Shot,Jump Shot,1,3,197
1022600241,280,PT07M30.00S,3,0,,1611661321,,,0,0,0,,0,,,0,v,Wings Timeout: Regular (Reg.2 Short 0),Timeout,Regular,0,0,198
1022600241,281,PT07M14.00S,3,1611661321,DAL,203824,Sims,O. Sims,-21,25,3,Made,1,57,51,108,v,Sims 3' Driving Layup (12 PTS) (Bueckers 5 AST),Made Shot,Driving Layup Shot,1,2,199
1022600241,283,PT06M54.00S,3,1611661324,MIN,203825,McBride,K. McBride,-15,6,2,Made,1,59,51,110,h,McBride 2' Cutting Layup Shot (27 PTS) (Howard 2 AST),Made Shot,Cutting Layup Shot,1,2,200
1022600241,285,PT06M42.00S,3,1611661321,DAL,203824,Sims,O. Sims,160,184,24,Made,1,59,54,113,v,Sims 24' 3PT Jump Shot (15 PTS) (Bueckers 6 AST),Made Shot,Jump Shot,1,3,201
1022600241,287,PT06M18.00S,3,1611661324,MIN,1629483,Collier,N. Collier,112,204,0,Made,1,62,54,116,h,Collier 3PT Jump Shot (10 PTS) (Williams 6 AST),Made Shot,Jump Shot,1,3,202
1022600241,289,PT06M04.00S,3,1611661321,DAL,1629501,Smith,A. Smith,15,8,2,Missed,1,,,0,v,MISS Smith 2' Cutting Layup Shot,Missed Shot,Cutting Layup Shot,1,2,203
1022600241,297,PT06M03.00S,3,0,,1611661321,,,0,0,0,,0,,,0,v,Wings Rebound,Rebound,Unknown,1,0,204
1022600241,290,PT06M03.00S,3,1611661321,DAL,1629481,Ogunbowale,A. Ogunbowale,0,0,0,,0,,,0,v,SUB: Kuier FOR Ogunbowale,Substitution,,0,0,205
1022600241,291,PT06M03.00S,3,1611661321,DAL,1629574,Yueru,L. Yueru,0,0,0,,0,,,0,v,SUB: James FOR Yueru,Substitution,,0,0,206
1022600241,294,PT06M03.00S,3,1611661324,MIN,1629483,Collier,N. Collier,0,0,0,,0,,,0,h,Jump Ball Collier vs. Smith: Tip to James,Jump Ball,,1,0,207
1022600241,298,PT05M54.00S,3,1611661324,MIN,203827,Howard,N. Howard,0,0,0,,0,,,0,h,Howard S.FOUL (P3.T1),Foul,Shooting,1,0,208
1022600241,300,PT05M54.00S,3,1611661321,DAL,1642793,James,A. James,0,0,0,,0,62,55,117,v,James Free Throw 1 of 2 (10 PTS),Free Throw,Free Throw 1 of 2,1,0,209
1022600241,301,PT05M54.00S,3,1611661321,DAL,1642793,James,A. James,0,0,0,,0,62,56,118,v,James Free Throw 2 of 2 (11 PTS),Free Throw,Free Throw 2 of 2,1,0,210
1022600241,302,PT05M43.00S,3,1611661324,MIN,1627675,Williams,C. Williams,-225,5,0,Missed,1,,,0,h,MISS Williams 3PT Jump Shot,Missed Shot,Jump Shot,1,3,211
1022600241,303,PT05M40.00S,3,1611661321,DAL,203824,Sims,O. Sims,0,0,0,,0,,,0,v,Sims REBOUND (Off:0 Def:3),Rebound,Unknown,1,0,212
1022600241,304,PT05M26.00S,3,1611661321,DAL,1642784,Bueckers,P. Bueckers,-39,124,13,Made,1,62,58,120,v,Bueckers 13' Pullup Jump Shot (10 PTS),Made Shot,Pullup Jump shot,1,2,213
1022600241,305,PT05M18.00S,3,1611661324,MIN,203825,McBride,K. McBride,17,18,2,Made,1,64,58,122,h,McBride 2' Driving Layup (29 PTS) (Miles 7 AST),Made Shot,Driving Layup Shot,1,2,214
1022600241,307,PT05M04.00S,3,1611661321,DAL,1642793,James,A. James,2,51,5,Made,1,64,60,124,v,James 5' Driving Floating Jump Shot (13 PTS) (Sims 2 AST),Made Shot,Driving Floating Jump Shot,1,2,215
1022600241,309,PT04M54.00S,3,1611661324,MIN,1643426,Miles,O. Miles,0,0,0,,0,,,0,h,Miles Bad Pass Turnover (P3.T8),Turnover,Bad Pass,1,0,216
1022600241,309,PT04M54.00S,3,1611661321,DAL,1642784,Bueckers,P. Bueckers,0,0,0,,0,,,0,v,Bueckers STEAL (3 STL),,,1,0,217
1022600241,311,PT04M48.00S,3,1611661321,DAL,1642784,Bueckers,P. Bueckers,7,12,1,Made,1,64,62,126,v,Bueckers 1' Running Layup (12 PTS) (Sims 3 AST),Made Shot,Running Layup Shot,1,2,218
1022600241,313,PT04M28.00S,3,1611661324,MIN,1643426,Miles,O. Miles,-207,101,0,Missed,1,,,0,h,MISS Miles 3PT Step Back Jump Shot,Missed Shot,Step Back Jump shot,1,3,219
1022600241,314,PT04M25.00S,3,1611661321,DAL,1630386,Kuier,A. Kuier,0,0,0,,0,,,0,v,Kuier REBOUND (Off:1 Def:3),Rebound,Unknown,1,0,220
1022600241,315,PT04M19.00S,3,1611661321,DAL,1629501,Smith,A. Smith,6,4,1,Made,1,64,64,128,v,Smith 1' Running Layup (11 PTS) (Bueckers 7 AST),Made Shot,Running Layup Shot,1,2,221
1022600241,317,PT04M19.00S,3,0,,1611661324,,,0,0,0,,0,,,0,h,LYNX Timeout: Regular (Full 2 Short 0),Timeout,Regular,0,0,222
1022600241,318,PT04M19.00S,3,1611661324,MIN,1627675,Williams,C. Williams,0,0,0,,0,,,0,h,SUB: Coffey FOR Williams,Substitution,,0,0,223
1022600241,319,PT04M19.00S,3,1611661324,MIN,1629483,Collier,N. Collier,0,0,0,,0,,,0,h,SUB: Delaere FOR Collier,Substitution,,0,0,224
1022600241,322,PT04M09.00S,3,1611661324,MIN,203825,McBride,K. McBride,110,166,20,Made,1,66,64,130,h,McBride 20' Pullup Jump Shot (31 PTS) (Howard 3 AST),Made Shot,Pullup Jump shot,1,2,225
1022600241,324,PT03M50.00S,3,1611661321,DAL,1630386,Kuier,A. Kuier,-149,207,26,Missed,1,,,0,v,MISS Kuier 26' 3PT Jump Shot,Missed Shot,Jump Shot,1,3,226
1022600241,325,PT03M48.00S,3,1611661324,MIN,1628269,Coffey,N. Coffey,0,0,0,,0,,,0,h,Coffey REBOUND (Off:0 Def:1),Rebound,Unknown,1,0,227
1022600241,326,PT03M43.00S,3,1611661324,MIN,203825,McBride,K. McBride,178,188,26,Missed,1,,,0,h,MISS McBride 26' 3PT Running Jump Shot,Missed Shot,Running Jump Shot,1,3,228
1022600241,327,PT03M41.00S,3,1611661324,MIN,203825,McBride,K. McBride,0,0,0,,0,,,0,h,McBride REBOUND (Off:1 Def:0),Rebound,Unknown,1,0,229
1022600241,328,PT03M40.00S,3,1611661324,MIN,203825,McBride,K. McBride,0,0,0,,0,,,0,h,McBride Out of Bounds - Bad Pass Turnover Turnover (P2.T9),Turnover,Out of Bounds - Bad Pass Turnover,1,0,230
1022600241,330,PT03M26.00S,3,1611661321,DAL,1642784,Bueckers,P. Bueckers,-87,88,12,Made,1,66,66,132,v,Bueckers 12' Pullup Jump Shot (14 PTS),Made Shot,Pullup Jump shot,1,2,231
1022600241,331,PT03M14.00S,3,1611661324,MIN,203825,McBride,K. McBride,138,150,20,Missed,1,,,0,h,MISS McBride 20' Pullup Jump Shot,Missed Shot,Pullup Jump shot,1,2,232
1022600241,332,PT03M12.00S,3,1611661321,DAL,1630386,Kuier,A. Kuier,0,0,0,,0,,,0,v,Kuier REBOUND (Off:1 Def:4),Rebound,Unknown,1,0,233
1022600241,334,PT03M11.00S,3,1611661321,DAL,1630386,Kuier,A. Kuier,0,0,0,,0,,,0,v,Kuier Lost Ball Turnover (P1.T12),Turnover,Lost Ball,1,0,234
1022600241,334,PT03M11.00S,3,1611661324,MIN,203827,Howard,N. Howard,0,0,0,,0,,,0,h,Howard STEAL (2 STL),,,1,0,235
1022600241,336,PT03M07.00S,3,1611661324,MIN,203825,McBride,K. McBride,157,181,24,Missed,1,,,0,h,MISS McBride 24' 3PT Jump Shot,Missed Shot,Jump Shot,1,3,236
1022600241,337,PT03M04.00S,3,1611661321,DAL,1629501,Smith,A. Smith,0,0,0,,0,,,0,v,Smith REBOUND (Off:3 Def:5),Rebound,Unknown,1,0,237
1022600241,338,PT02M59.00S,3,1611661321,DAL,203824,Sims,O. Sims,22,6,2,Missed,1,,,0,v,MISS Sims 2' Running Layup,Missed Shot,Running Layup Shot,1,2,238
1022600241,339,PT02M59.00S,3,1611661324,MIN,1628269,Coffey,N. Coffey,0,0,0,,0,,,0,h,Coffey REBOUND (Off:0 Def:2),Rebound,Unknown,1,0,239
1022600241,340,PT02M53.00S,3,1611661324,MIN,1643489,Delaere,A. Delaere,-213,81,0,Missed,1,,,0,h,MISS Delaere 3PT Running Jump Shot,Missed Shot,Running Jump Shot,1,3,240
1022600241,341,PT02M52.00S,3,1611661324,MIN,1628269,Coffey,N. Coffey,0,0,0,,0,,,0,h,Coffey REBOUND (Off:1 Def:2),Rebound,Unknown,1,0,241
1022600241,342,PT02M48.00S,3,1611661324,MIN,1643426,Miles,O. Miles,6,233,0,Made,1,69,66,135,h,Miles 3PT Jump Shot (15 PTS) (Coffey 1 AST),Made Shot,Jump Shot,1,3,242
1022600241,344,PT02M37.00S,3,1611661324,MIN,203827,Howard,N. Howard,0,0,0,,0,,,0,h,Howard P.FOUL (P4.T2),Foul,Personal,1,0,243
1022600241,346,PT02M37.00S,3,1611661324,MIN,203825,McBride,K. McBride,0,0,0,,0,,,0,h,SUB: Caldwell FOR McBride,Substitution,,0,0,244
1022600241,347,PT02M37.00S,3,1611661321,DAL,203824,Sims,O. Sims,0,0,0,,0,,,0,v,SUB: Ogunbowale FOR Sims,Substitution,,0,0,245
1022600241,350,PT02M31.00S,3,1611661321,DAL,1642784,Bueckers,P. Bueckers,0,0,0,,0,,,0,v,Bueckers Lost Ball Turnover (P5.T13),Turnover,Lost Ball,1,0,246
1022600241,350,PT02M31.00S,3,1611661324,MIN,1630471,Caldwell,M. Caldwell,0,0,0,,0,,,0,h,Caldwell STEAL (1 STL),,,1,0,247
1022600241,352,PT02M20.00S,3,1611661321,DAL,1629501,Smith,A. Smith,0,0,0,,0,,,0,v,Smith S.FOUL (P2.T1),Foul,Shooting,1,0,248
1022600241,354,PT02M20.00S,3,1611661324,MIN,1630471,Caldwell,M. Caldwell,0,0,0,,0,,,0,h,MISS Caldwell Free Throw 1 of 2,Free Throw,Free Throw 1 of 2,1,0,249
1022600241,355,PT02M20.00S,3,0,,1611661324,,,0,0,0,,0,,,0,h,LYNX Rebound,Rebound,Normal Rebound,1,0,250
1022600241,356,PT02M20.00S,3,1611661324,MIN,203827,Howard,N. Howard,0,0,0,,0,,,0,h,SUB: Collier FOR Howard,Substitution,,0,0,251
1022600241,357,PT02M20.00S,3,1611661321,DAL,1642784,Bueckers,P. Bueckers,0,0,0,,0,,,0,v,SUB: Sutton FOR Bueckers,Substitution,,0,0,252
1022600241,358,PT02M20.00S,3,1611661321,DAL,1629501,Smith,A. Smith,0,0,0,,0,,,0,v,SUB: Yueru FOR Smith,Substitution,,0,0,253
1022600241,362,PT02M20.00S,3,1611661324,MIN,1630471,Caldwell,M. Caldwell,0,0,0,,0,,,0,h,MISS Caldwell Free Throw 2 of 2,Free Throw,Free Throw 2 of 2,0,0,254
1022600241,363,PT02M18.00S,3,1611661321,DAL,1630386,Kuier,A. Kuier,0,0,0,,0,,,0,v,Kuier REBOUND (Off:1 Def:5),Rebound,Unknown,1,0,255
1022600241,364,PT02M03.00S,3,1611661321,DAL,1629481,Ogunbowale,A. Ogunbowale,0,0,0,,0,,,0,v,Ogunbowale Offensive Charge Foul (P1),Foul,Offensive Charge,1,0,256
1022600241,366,PT02M03.00S,3,1611661321,DAL,1629481,Ogunbowale,A. Ogunbowale,0,0,0,,0,,,0,v,Ogunbowale Offensive Foul Turnover (P4.T14),Turnover,Offensive Foul Turnover,1,0,257
1022600241,367,PT01M39.00S,3,1611661324,MIN,1629483,Collier,N. Collier,18,141,14,Made,1,71,66,137,h,Collier 14' Pullup Jump Shot (12 PTS) (Miles 8 AST),Made Shot,Pullup Jump shot,1,2,258
1022600241,369,PT01M22.00S,3,1611661321,DAL,1630386,Kuier,A. Kuier,21,6,2,Made,1,71,68,139,v,Kuier 2' Driving Layup (4 PTS) (Ogunbowale 4 AST),Made Shot,Driving Layup Shot,1,2,259
1022600241,371,PT01M14.00S,3,1611661324,MIN,1628269,Coffey,N. Coffey,-150,184,24,Missed,1,,,0,h,MISS Coffey 24' 3PT Jump Shot,Missed Shot,Jump Shot,1,3,260
1022600241,372,PT01M10.00S,3,1611661321,DAL,1642793,James,A. James,0,0,0,,0,,,0,v,James REBOUND (Off:1 Def:3),Rebound,Unknown,1,0,261
1022600241,373,PT01M02.00S,3,1611661321,DAL,1642793,James,A. James,0,0,0,,0,,,0,v,James Lost Ball Turnover (P1.T15),Turnover,Lost Ball,1,0,262
1022600241,373,PT01M02.00S,3,1611661324,MIN,1643489,Delaere,A. Delaere,0,0,0,,0,,,0,h,Delaere STEAL (1 STL),,,1,0,263
1022600241,375,PT00M57.20S,3,1611661324,MIN,1628269,Coffey,N. Coffey,-28,23,4,Made,1,73,68,141,h,Coffey 4' Running Layup (4 PTS) (Caldwell 1 AST),Made Shot,Running Layup Shot,1,2,264
1022600241,377,PT00M39.90S,3,1611661321,DAL,1642793,James,A. James,0,0,0,,0,,,0,v,James Bad Pass Turnover (P2.T16),Turnover,Bad Pass,1,0,265
1022600241,377,PT00M39.90S,3,1611661324,MIN,1629483,Collier,N. Collier,0,0,0,,0,,,0,h,Collier STEAL (4 STL),,,1,0,266
1022600241,379,PT00M34.50S,3,1611661324,MIN,1643426,Miles,O. Miles,15,230,0,Missed,1,,,0,h,MISS Miles 3PT Running Pull-Up Jump Shot,Missed Shot,Running Pull-Up Jump Shot,1,3,267
1022600241,380,PT00M33.50S,3,0,,1611661321,,,0,0,0,,0,,,0,v,Wings Rebound,Rebound,Unknown,1,0,268
1022600241,383,PT00M33.50S,3,1611661324,MIN,1643426,Miles,O. Miles,0,0,0,,0,,,0,h,SUB: Williams FOR Miles,Substitution,,0,0,269
1022600241,385,PT00M18.40S,3,1611661321,DAL,1630386,Kuier,A. Kuier,180,149,0,Missed,1,,,0,v,MISS Kuier 3PT Pullup Jump Shot,Missed Shot,Pullup Jump shot,1,3,270
1022600241,386,PT00M14.60S,3,1611661324,MIN,1627675,Williams,C. Williams,0,0,0,,0,,,0,h,Williams REBOUND (Off:0 Def:3),Rebound,Unknown,1,0,271
1022600241,387,PT00M02.50S,3,1611661324,MIN,1629483,Collier,N. Collier,-19,232,0,Made,1,76,68,144,h,Collier 3PT Jump Shot (15 PTS) (Williams 7 AST),Made Shot,Jump Shot,1,3,272
1022600241,389,PT00M00.00S,3,0,,0,,,0,0,0,,0,76,68,144,,End of 3rd Period (5:04 PM EST),period,end,1,0,273
1022600241,394,PT10M00.00S,4,0,,0,,,0,0,0,,0,76,68,144,,Start of 4th Period (5:08 PM EST),period,start,1,0,274
1022600241,395,PT09M42.00S,4,1611661324,MIN,1643489,Delaere,A. Delaere,31,232,0,Missed,1,,,0,h,MISS Delaere 3PT Jump Shot,Missed Shot,Jump Shot,1,3,275
1022600241,396,PT09M37.00S,4,1611661321,DAL,1629574,Yueru,L. Yueru,0,0,0,,0,,,0,v,Yueru REBOUND (Off:1 Def:4),Rebound,Unknown,1,0,276
1022600241,397,PT09M17.00S,4,1611661324,MIN,1630471,Caldwell,M. Caldwell,0,0,0,,0,,,0,h,Caldwell S.FOUL (P1.T1),Foul,Shooting,1,0,277
1022600241,399,PT09M17.00S,4,1611661321,DAL,203824,Sims,O. Sims,0,0,0,,0,76,69,145,v,Sims Free Throw 1 of 2 (16 PTS),Free Throw,Free Throw 1 of 2,0,0,278
1022600241,400,PT09M17.00S,4,1611661321,DAL,203824,Sims,O. Sims,0,0,0,,0,76,70,146,v,Sims Free Throw 2 of 2 (17 PTS),Free Throw,Free Throw 2 of 2,1,0,279
1022600241,401,PT08M55.00S,4,1611661324,MIN,1643489,Delaere,A. Delaere,-189,124,0,Missed,1,,,0,h,MISS Delaere 3PT Jump Shot,Missed Shot,Jump Shot,1,3,280
1022600241,402,PT08M54.00S,4,1611661321,DAL,1630386,Kuier,A. Kuier,0,0,0,,0,,,0,v,Kuier REBOUND (Off:1 Def:6),Rebound,Unknown,1,0,281
1022600241,403,PT08M30.00S,4,0,,1611661321,,,0,0,0,,0,,,0,v,Wings Turnover: Shot Clock (T#17),Turnover,Shot Clock Turnover,1,0,282
1022600241,404,PT08M22.00S,4,1611661321,DAL,1630386,Kuier,A. Kuier,0,0,0,,0,,,0,v,Kuier Violation:Kicked Ball,Violation,Kicked Ball,0,0,283
1022600241,405,PT08M08.00S,4,1611661324,MIN,1629483,Collier,N. Collier,0,0,0,,0,,,0,h,Collier Bad Pass Turnover (P3.T10),Turnover,Bad Pass,1,0,284
1022600241,405,PT08M08.00S,4,1611661321,DAL,1629481,Ogunbowale,A. Ogunbowale,0,0,0,,0,,,0,v,Ogunbowale STEAL (1 STL),,,1,0,285
1022600241,407,PT08M04.00S,4,1611661324,MIN,1627675,Williams,C. Williams,0,0,0,,0,,,0,h,Williams P.FOUL (P1.T2),Foul,Personal,1,0,286
1022600241,409,PT08M04.00S,4,1611661324,MIN,1630471,Caldwell,M. Caldwell,0,0,0,,0,,,0,h,SUB: Miles FOR Caldwell,Substitution,,0,0,287
1022600241,410,PT08M04.00S,4,1611661324,MIN,1643489,Delaere,A. Delaere,0,0,0,,0,,,0,h,SUB: Howard FOR Delaere,Substitution,,0,0,288
1022600241,411,PT08M04.00S,4,1611661324,MIN,1628269,Coffey,N. Coffey,0,0,0,,0,,,0,h,SUB: McBride FOR Coffey,Substitution,,0,0,289
1022600241,415,PT07M46.00S,4,1611661321,DAL,1629481,Ogunbowale,A. Ogunbowale,11,52,5,Missed,1,,,0,v,MISS Ogunbowale 5' Driving Layup,Missed Shot,Driving Layup Shot,1,2,290
1022600241,416,PT07M44.00S,4,1611661324,MIN,1629483,Collier,N. Collier,0,0,0,,0,,,0,h,Collier REBOUND (Off:1 Def:5),Rebound,Unknown,1,0,291
1022600241,417,PT07M35.00S,4,1611661324,MIN,1643426,Miles,O. Miles,-23,12,3,Made,1,78,70,148,h,Miles 3' Driving Layup (17 PTS),Made Shot,Driving Layup Shot,1,2,292
1022600241,418,PT07M22.00S,4,1611661321,DAL,1642784,Bueckers,P. Bueckers,-102,238,26,Made,1,78,73,151,v,Bueckers 26' 3PT Jump Shot (17 PTS) (Kuier 1 AST),Made Shot,Jump Shot,1,3,293
1022600241,420,PT07M05.00S,4,1611661324,MIN,203825,McBride,K. McBride,229,-18,0,Made,1,81,73,154,h,McBride 3PT Jump Shot (34 PTS) (Miles 9 AST),Made Shot,Jump Shot,1,3,294
1022600241,422,PT06M38.00S,4,1611661321,DAL,1642784,Bueckers,P. Bueckers,182,287,34,Missed,1,,,0,v,MISS Bueckers 34' 3PT Jump Shot,Missed Shot,Jump Shot,1,3,295
1022600241,423,PT06M35.00S,4,1611661321,DAL,1642784,Bueckers,P. Bueckers,0,0,0,,0,,,0,v,Bueckers REBOUND (Off:1 Def:3),Rebound,Unknown,1,0,296
1022600241,424,PT06M25.00S,4,1611661321,DAL,203824,Sims,O. Sims,-222,-16,0,Missed,1,,,0,v,MISS Sims 3PT Jump Shot,Missed Shot,Jump Shot,1,3,297
1022600241,425,PT06M22.00S,4,1611661324,MIN,1629483,Collier,N. Collier,0,0,0,,0,,,0,h,Collier REBOUND (Off:1 Def:6),Rebound,Unknown,1,0,298
1022600241,426,PT06M15.00S,4,1611661324,MIN,203825,McBride,K. McBride,-5,240,24,Made,1,84,73,157,h,McBride 24' 3PT Jump Shot (37 PTS) (Collier 2 AST),Made Shot,Jump Shot,1,3,299
1022600241,428,PT06M14.00S,4,0,,1611661321,,,0,0,0,,0,,,0,v,Wings Timeout: Regular (Reg.3 Short 0),Timeout,Regular,0,0,300
1022600241,429,PT06M14.00S,4,1611661321,DAL,1630386,Kuier,A. Kuier,0,0,0,,0,,,0,v,SUB: Smith FOR Kuier,Substitution,,0,0,301
1022600241,431,PT06M01.00S,4,1611661321,DAL,1642784,Bueckers,P. Bueckers,-21,82,8,Made,1,84,75,159,v,Bueckers 8' Driving Floating Jump Shot (19 PTS) (Sims 4 AST),Made Shot,Driving Floating Jump Shot,1,2,302
1022600241,433,PT05M42.00S,4,1611661324,MIN,1627675,Williams,C. Williams,154,123,20,Made,1,86,75,161,h,Williams 20' Jump Shot (3 PTS) (Miles 10 AST),Made Shot,Jump Shot,1,2,303
1022600241,435,PT05M28.00S,4,1611661321,DAL,203824,Sims,O. Sims,0,0,0,,0,,,0,v,Sims Out of Bounds Lost Ball Turnover (P3.T18),Turnover,Out of Bounds Lost Ball Turnover,1,0,304
1022600241,436,PT05M19.00S,4,1611661324,MIN,1629483,Collier,N. Collier,11,4,1,Missed,1,,,0,h,MISS Collier 1' Cutting Layup Shot,Missed Shot,Cutting Layup Shot,1,2,305
1022600241,437,PT05M17.00S,4,1611661324,MIN,203827,Howard,N. Howard,0,0,0,,0,,,0,h,Howard REBOUND (Off:2 Def:2),Rebound,Unknown,1,0,306
1022600241,438,PT05M08.00S,4,1611661324,MIN,203825,McBride,K. McBride,202,103,0,Made,1,89,75,164,h,McBride 3PT Pullup Jump Shot (40 PTS) (Miles 11 AST),Made Shot,Pullup Jump shot,1,3,307
1022600241,440,PT04M54.00S,4,1611661324,MIN,1627675,Williams,C. Williams,0,0,0,,0,,,0,h,Williams P.FOUL (P2.T3),Foul,Personal,1,0,308
1022600241,442,PT04M47.00S,4,1611661321,DAL,1629501,Smith,A. Smith,-224,-3,0,Missed,1,,,0,v,MISS Smith 3PT Jump Shot,Missed Shot,Jump Shot,1,3,309
1022600241,443,PT04M42.00S,4,1611661324,MIN,1629483,Collier,N. Collier,0,0,0,,0,,,0,h,Collier REBOUND (Off:1 Def:7),Rebound,Unknown,1,0,310
1022600241,444,PT04M34.00S,4,1611661324,MIN,1643426,Miles,O. Miles,0,0,0,,0,,,0,h,Miles Out of Bounds - Bad Pass Turnover Turnover (P4.T11),Turnover,Out of Bounds - Bad Pass Turnover,1,0,311
1022600241,445,PT04M21.00S,4,1611661321,DAL,1642784,Bueckers,P. Bueckers,143,24,15,Missed,1,,,0,v,MISS Bueckers 15' Pullup Jump Shot,Missed Shot,Pullup Jump shot,1,2,312
1022600241,446,PT04M20.00S,4,1611661321,DAL,1629574,Yueru,L. Yueru,0,0,0,,0,,,0,v,Yueru REBOUND (Off:2 Def:4),Rebound,Unknown,1,0,313
1022600241,447,PT04M18.00S,4,1611661321,DAL,1629574,Yueru,L. Yueru,0,39,4,Missed,1,,,0,v,MISS Yueru 4' Putback Layup,Missed Shot,Putback Layup Shot,1,2,314
1022600241,447,PT04M18.00S,4,1611661324,MIN,203827,Howard,N. Howard,0,0,0,,0,,,0,h,Howard BLOCK (2 BLK),,,1,2,315
1022600241,453,PT04M17.00S,4,0,,1611661324,,,0,0,0,,0,,,0,h,LYNX Rebound,Rebound,Unknown,1,0,316
1022600241,450,PT04M17.00S,4,1611661324,MIN,203827,Howard,N. Howard,0,0,0,,0,,,0,h,Jump Ball Howard vs. Yueru: Tip to Williams,Jump Ball,,1,0,317
1022600241,454,PT04M09.00S,4,1611661324,MIN,203827,Howard,N. Howard,7,20,2,Made,1,91,75,166,h,Howard 2' Running Layup (10 PTS),Made Shot,Running Layup Shot,1,2,318
1022600241,456,PT03M50.00S,4,1611661324,MIN,203827,Howard,N. Howard,0,0,0,,0,,,0,h,Howard FLAGRANT.FOUL.TYPE1 (P5.T4),Foul,Flagrant Type 1,1,0,319
1022600241,458,PT03M50.00S,4,0,,456,Person,C. Person,0,0,0,,0,91,75,166,,Instant Replay4th Period (5:21 PM EST),Instant Replay,Overturn Ruling,0,0,320
1022600241,459,PT03M50.00S,4,1611661321,DAL,1642784,Bueckers,P. Bueckers,0,0,0,,0,91,76,167,v,Bueckers Free Throw Flagrant 1 of 2 (20 PTS),Free Throw,Free Throw Flagrant 1 of 2,1,0,321
1022600241,460,PT03M50.00S,4,1611661321,DAL,1642784,Bueckers,P. Bueckers,0,0,0,,0,91,77,168,v,Bueckers Free Throw Flagrant 2 of 2 (21 PTS),Free Throw,Free Throw Flagrant 2 of 2,1,0,322
1022600241,461,PT03M50.00S,4,1611661321,DAL,1629481,Ogunbowale,A. Ogunbowale,0,0,0,,0,,,0,v,SUB: James FOR Ogunbowale,Substitution,,0,0,323
1022600241,463,PT03M42.00S,4,1611661321,DAL,1642793,James,A. James,49,104,11,Made,1,91,79,170,v,James 11' Pullup Jump Shot (15 PTS) (Bueckers 8 AST),Made Shot,Pullup Jump shot,1,2,324
1022600241,465,PT03M42.00S,4,1611661324,MIN,1627675,Williams,C. Williams,0,0,0,,0,,,0,h,Williams S.FOUL (P3.PN),Foul,Shooting,1,0,325
1022600241,467,PT03M42.00S,4,1611661321,DAL,1642793,James,A. James,0,0,0,,0,,,0,v,MISS James Free Throw 1 of 1,Free Throw,Free Throw 1 of 1,1,0,326
1022600241,468,PT03M40.00S,4,0,,1611661321,,,0,0,0,,0,,,0,v,Wings Rebound,Rebound,Unknown,1,0,327
1022600241,470,PT03M31.00S,4,1611661321,DAL,1642784,Bueckers,P. Bueckers,113,126,17,Made,1,91,81,172,v,Bueckers 17' Pullup Jump Shot (23 PTS) (James 2 AST),Made Shot,Pullup Jump shot,1,2,328
1022600241,472,PT03M09.00S,4,1611661324,MIN,1629483,Collier,N. Collier,-18,22,3,Made,1,93,81,174,h,Collier 3' Cutting Layup Shot (17 PTS) (Miles 12 AST),Made Shot,Cutting Layup Shot,1,2,329
1022600241,474,PT02M57.00S,4,1611661321,DAL,1642784,Bueckers,P. Bueckers,0,0,0,,0,,,0,v,Bueckers Lost Ball Turnover (P6.T19),Turnover,Lost Ball,1,0,330
1022600241,474,PT02M57.00S,4,1611661324,MIN,1643426,Miles,O. Miles,0,0,0,,0,,,0,h,Miles STEAL (1 STL),,,1,0,331
1022600241,476,PT02M53.00S,4,1611661324,MIN,203827,Howard,N. Howard,5,27,3,Made,1,95,81,176,h,Howard 3' Running Layup (12 PTS) (Miles 13 AST),Made Shot,Running Layup Shot,1,2,332
1022600241,478,PT02M51.00S,4,0,,1611661321,,,0,0,0,,0,,,0,v,Wings Timeout: Regular (Reg.4 Short 0),Timeout,Regular,0,0,333
1022600241,479,PT02M37.00S,4,1611661324,MIN,1627675,Williams,C. Williams,0,0,0,,0,,,0,h,Williams S.FOUL (P4.PN),Foul,Shooting,1,0,334
1022600241,481,PT02M37.00S,4,1611661321,DAL,1642793,James,A. James,0,0,0,,0,95,82,177,v,James Free Throw 1 of 2 (16 PTS),Free Throw,Free Throw 1 of 2,1,0,335
1022600241,482,PT02M37.00S,4,1611661321,DAL,1642793,James,A. James,0,0,0,,0,95,83,178,v,James Free Throw 2 of 2 (17 PTS),Free Throw,Free Throw 2 of 2,1,0,336
1022600241,483,PT02M23.00S,4,1611661324,MIN,203825,McBride,K. McBride,-225,42,0,Made,1,98,83,181,h,McBride 3PT Jump Shot (43 PTS) (Collier 3 AST),Made Shot,Jump Shot,1,3,337
1022600241,487,PT02M12.00S,4,1611661324,MIN,1643426,Miles,O. Miles,0,0,0,,0,,,0,h,Miles S.FOUL (P2.PN),Foul,Shooting,1,0,338
1022600241,489,PT02M12.00S,4,0,,1611661324,,,0,0,0,,0,,,0,h,LYNX Timeout: Regular (Full 3 Short 0),Timeout,Regular,0,0,339
1022600241,490,PT02M12.00S,4,0,,487,,,0,0,0,,0,98,83,181,,Instant Replay4th Period (5:32 PM EST),Instant Replay,Coach Challenge Support Ruling,0,0,340
1022600241,491,PT02M12.00S,4,1611661321,DAL,203824,Sims,O. Sims,0,0,0,,0,,,0,v,SUB: Siegrist FOR Sims,Substitution,,0,0,341
1022600241,492,PT02M12.00S,4,1611661321,DAL,1642784,Bueckers,P. Bueckers,0,0,0,,0,,,0,v,SUB: Jones FOR Bueckers,Substitution,,0,0,342
1022600241,493,PT02M12.00S,4,1611661321,DAL,1629501,Smith,A. Smith,0,0,0,,0,,,0,v,SUB: Sutton FOR Smith,Substitution,,0,0,343
1022600241,497,PT02M12.00S,4,1611661321,DAL,1629574,Yueru,L. Yueru,0,0,0,,0,98,84,182,v,Yueru Free Throw 1 of 2 (3 PTS),Free Throw,Free Throw 1 of 2,1,0,344
1022600241,498,PT02M12.00S,4,1611661321,DAL,1629574,Yueru,L. Yueru,0,0,0,,0,98,85,183,v,Yueru Free Throw 2 of 2 (4 PTS),Free Throw,Free Throw 2 of 2,1,0,345
1022600241,499,PT01M56.00S,4,1611661324,MIN,203825,McBride,K. McBride,34,268,27,Missed,1,,,0,h,MISS McBride 27' 3PT Jump Shot,Missed Shot,Jump Shot,1,3,346
1022600241,500,PT01M52.00S,4,1611661321,DAL,1642793,James,A. James,0,0,0,,0,,,0,v,James REBOUND (Off:1 Def:4),Rebound,Unknown,1,0,347
1022600241,501,PT01M45.00S,4,1611661321,DAL,1642793,James,A. James,-46,47,7,Made,1,98,87,185,v,James 7' Driving Layup (19 PTS),Made Shot,Driving Layup Shot,1,2,348
1022600241,502,PT01M35.00S,4,1611661324,MIN,1643426,Miles,O. Miles,105,228,25,Made,1,101,87,188,h,Miles 25' 3PT Step Back Jump Shot (20 PTS),Made Shot,Step Back Jump shot,1,3,349
1022600241,503,PT01M22.00S,4,1611661321,DAL,1641652,Siegrist,M. Siegrist,123,203,24,Made,1,101,90,191,v,Siegrist 24' 3PT Jump Shot (5 PTS) (Sutton 4 AST),Made Shot,Jump Shot,1,3,350
1022600241,505,PT01M21.00S,4,0,,1611661324,,,0,0,0,,0,,,0,h,LYNX Timeout: Reset (Full 3 Short 0),Timeout,Reset,0,0,351
1022600241,506,PT01M21.00S,4,1611661324,MIN,203827,Howard,N. Howard,0,0,0,,0,,,0,h,SUB: Caldwell FOR Howard,Substitution,,0,0,352
1022600241,507,PT01M21.00S,4,1611661324,MIN,1643426,Miles,O. Miles,0,0,0,,0,,,0,h,SUB: Delaere FOR Miles,Substitution,,0,0,353
1022600241,508,PT01M21.00S,4,1611661324,MIN,1627675,Williams,C. Williams,0,0,0,,0,,,0,h,SUB: Coffey FOR Williams,Substitution,,0,0,354
1022600241,509,PT01M21.00S,4,1611661324,MIN,203825,McBride,K. McBride,0,0,0,,0,,,0,h,SUB: Juhasz FOR McBride,Substitution,,0,0,355
1022600241,510,PT01M21.00S,4,1611661324,MIN,1629483,Collier,N. Collier,0,0,0,,0,,,0,h,SUB: Joklova FOR Collier,Substitution,,0,0,356
1022600241,516,PT01M07.00S,4,1611661324,MIN,1628269,Coffey,N. Coffey,-157,182,24,Missed,1,,,0,h,MISS Coffey 24' 3PT Jump Shot,Missed Shot,Jump Shot,1,3,357
1022600241,517,PT01M03.00S,4,1611661321,DAL,1642793,James,A. James,0,0,0,,0,,,0,v,James REBOUND (Off:1 Def:5),Rebound,Unknown,1,0,358
1022600241,518,PT00M56.40S,4,1611661321,DAL,1642793,James,A. James,-15,27,3,Missed,1,,,0,v,MISS James 3' Driving Reverse Layup,Missed Shot,Driving Reverse Layup Shot,1,2,359
1022600241,519,PT00M54.60S,4,1611661324,MIN,1643490,Joklova,E. Joklova,0,0,0,,0,,,0,h,Joklova REBOUND (Off:0 Def:1),Rebound,Unknown,1,0,360
1022600241,520,PT00M43.50S,4,1611661324,MIN,1641657,Juhasz,D. Juhasz,-49,228,0,Missed,1,,,0,h,MISS Juhasz 3PT Jump Shot,Missed Shot,Jump Shot,1,3,361
1022600241,521,PT00M40.20S,4,1611661324,MIN,1630471,Caldwell,M. Caldwell,0,0,0,,0,,,0,h,Caldwell REBOUND (Off:1 Def:1),Rebound,Unknown,1,0,362
1022600241,522,PT00M39.90S,4,1611661324,MIN,1630471,Caldwell,M. Caldwell,-19,7,2,Made,1,103,90,193,h,Caldwell 2' Putback Layup (2 PTS),Made Shot,Putback Layup Shot,1,2,363
1022600241,523,PT00M23.10S,4,1611661321,DAL,1629574,Yueru,L. Yueru,-160,184,24,Missed,1,,,0,v,MISS Yueru 24' 3PT Jump Shot,Missed Shot,Jump Shot,1,3,364
1022600241,524,PT00M19.60S,4,1611661324,MIN,1628269,Coffey,N. Coffey,0,0,0,,0,,,0,h,Coffey REBOUND (Off:1 Def:3),Rebound,Unknown,1,0,365
1022600241,525,PT00M00.00S,4,0,,0,,,0,0,0,,0,103,90,193,,End of 4th Period (5:38 PM EST),period,end,1,0,366
